,Unnamed: 0,Title,Star_1,Star_2,Star_3,Star_4,Genre_1,Genre_2,Genre_3,Release Year,IMDb Rating,Director_Name,Runtime,imageURL,combined_features
0,0,Guntur Kaaram,Mahesh Babu, Sree Leela, Ramya Krishnan, Prakash Raj,Action, Drama, Family,2024,7,Trivikram Srinivas,156,https://m.media-amazon.com/images/M/MV5BMjY3ZmMzMzMtMjFhNC00MGU3LTlkNzYtMGUwMzAwNjEyYmJhXkEyXkFqcGdeQXVyMTcyNDY1NDgw._V1_.jpg,Mahesh Babu  Sree Leela  Ramya Krishnan  Prakash Raj Trivikram Srinivas
1,2,Kaagaz 2,Anupam Kher, Satish Kaushik, Neena Gupta, Darshan Kumaar,Drama,unknown,unknown,2024,0,Nishant Kaushik,125,https://m.media-amazon.com/images/M/MV5BODUwNTQwNGMtNjZmNi00ZTM2LWI4ZDEtNjc2NzQzYmYzZWRkXkEyXkFqcGdeQXVyODE5NzE3OTE@._V1_.jpg,Anupam Kher  Satish Kaushik  Neena Gupta  Darshan Kumaar Nishant Kaushik
2,3,Kaagaz,Pankaj Tripathi, Amar Upadhyay, Monal Gajjar, Mita Vasisht,Drama, Comedy, Biography,2021,6.7,Satish Kaushik,109,https://m.media-amazon.com/images/M/MV5BZDg1NmU5NjAtOGU4NC00MTMzLWJjYmYtZmEwMDU1MmE5YTFlXkEyXkFqcGdeQXVyMTIzMzg0MTM2._V1_.jpg,Pankaj Tripathi  Amar Upadhyay  Monal Gajjar  Mita Vasisht Satish Kaushik
3,7,The Legend of Hanuman,Da Man, Shakti Singh, Sanket Mhatre, Vikrant Chaturvedi,Animation, History,unknown,2021,9.4,unknown,25,https://m.media-amazon.com/images/M/MV5BOGE2MDEyNDEtMTZmNi00Yjg3LTkxNGUtOTFmOTFhZGU2ZGM2XkEyXkFqcGdeQXVyNjcwMzExMzU@._V1_.jpg,Da Man  Shakti Singh  Sanket Mhatre  Vikrant Chaturvedi unknown
4,8,Hanu-Man,Teja Sajja, Vinay Rai, Amritha Aiyer, Varalaxmi Sarathkumar,Fantasy, Action, Comedy,2024,6.625,Prasanth Varma,159,https://cdn.123telugu.com/content/wp-content/uploads/2024/01/HanuMan-3.jpg,Teja Sajja  Vinay Rai  Amritha Aiyer  Varalaxmi Sarathkumar Prasanth Varma
5,9,Hanuman,Sanjeev Jaiswal, Mukesh Khanna, Viraj, Mona Shetty,Animation, Fantasy,unknown,2005,7,Milind Ukey,88,https://m.media-amazon.com/images/M/MV5BZmRiMDcwY2EtZDViMC00NWQ3LWE5ZGQtMjEwNGZkNGVjZjQzXkEyXkFqcGdeQXVyNDUzOTQ5MjY@._V1_.jpg,Sanjeev Jaiswal  Mukesh Khanna  Viraj  Mona Shetty Milind Ukey
7,14,Super Nani,Rekha, Sharman Joshi, Randhir Kapoor, Shweta Kumar,Family, Drama, Comedy,2014,6.9,Indra Kumar,133,https://m.media-amazon.com/images/M/MV5BYjE4OTAxNTgtNDIzNC00Nzk1LTgxYWMtYmUwMjJhYmM4YzQzXkEyXkFqcGdeQXVyODE5NzE3OTE@._V1_.jpg,Rekha  Sharman Joshi  Randhir Kapoor  Shweta Kumar Indra Kumar
8,16,Kinou nani tabeta?,Hayato Isomura, Meiko Kaji, Chan Kawai,unknown,Family,unknown,unknown,2019,7.5,unknown,unknown,https://m.media-amazon.com/images/M/MV5BYWI3NzlmM2EtOGNiMi00MTEzLWIyMDQtNmQyZDQxYmRjMDlkXkEyXkFqcGdeQXVyODg2MDM2ODk@._V1_.jpg,Hayato Isomura  Meiko Kaji  Chan Kawai unknown unknown
9,17,Hi Nanna,Nani, Mrunal Thakur, Baby Kiara Khanna, Jayaram,Drama, Family, Romance,2023,6.9,Shouryuv,155,https://m.media-amazon.com/images/M/MV5BMjZkNTdhOTMtYzg0Yy00YjA4LTljOTQtZWRkNTZkMTY3Y2Y3XkEyXkFqcGdeQXVyMTUzNTgzNzM0._V1_.jpg,Nani  Mrunal Thakur  Baby Kiara Khanna  Jayaram Shouryuv
10,18,Hightown,unknown,unknown,unknown,unknown,unknown,unknown,unknown,0,0,unknown,unknown,https://m.media-amazon.com/images/M/MV5BYmUyZGQ1YjUtZDRjMi00MWY5LWEyYzMtMzdjMDM4NDI2YjRiXkEyXkFqcGdeQXVyMTM1NjM2ODg1._V1_.jpg,unknown unknown unknown unknown unknown
11,19,Hi-de-Hi!,unknown,unknown,unknown,unknown,unknown,unknown,unknown,0,0,unknown,unknown,https://m.media-amazon.com/images/M/MV5BMzk1NmE4NTQtZTNiYS00ODRhLWIyNzEtMzc4YTM0MDAxY2QwXkEyXkFqcGdeQXVyNjc4NTExMTk@._V1_.jpg,unknown unknown unknown unknown unknown
12,23,Seetha Rama Kalyanam,Haranath, Gitanjali, N.T. Rama Rao, Taraka Rama Rao Nandamuri,Drama, Musical,unknown,1961,7.8,Taraka Rama Rao Nandamuri,180,https://m.media-amazon.com/images/M/MV5BYTJmMzI3OGQtZjMyYy00OTc2LWE3YjgtNTlmOThjOTA4MjA4XkEyXkFqcGdeQXVyNjQ1MDcxNzM@._V1_.jpg,Haranath  Gitanjali  N.T. Rama Rao  Taraka Rama Rao Nandamuri Taraka Rama Rao Nandamuri
13,25,Sita Ramam,Dulquer Salmaan, Mrunal Thakur, Rashmika Mandanna, Sumanth,Romance, War,unknown,2022,1,Hanu Raghavapudi,90,https://m.media-amazon.com/images/M/MV5BN2RjZDJhYzUtOTQ5Yy00OWM3LWE5OTctM2Y0YWVmNzAzODllXkEyXkFqcGdeQXVyMTA3MDk2NDg2._V1_.jpg,Dulquer Salmaan  Mrunal Thakur  Rashmika Mandanna  Sumanth Hanu Raghavapudi
14,26,Sita Sings the Blues,Reena Shah, Debargo Sanyal, Annette Hanshaw, Aseem Chhabra,Animation, Drama, Music,2008,7,Nina Paley,82,https://m.media-amazon.com/images/M/MV5BNjM4NzcwYzYtYzBlZS00YWI4LThlNzEtZjQ0MGM5YjVkMDVlXkEyXkFqcGdeQXVyNTAyODkwOQ@@._V1_.jpg,Reena Shah  Debargo Sanyal  Annette Hanshaw  Aseem Chhabra Nina Paley
15,33,Kincsem,Nagy Ervin, Petrik Andrea, Tibor Gáspár, József Gyabronka,Drama, Adventure, Romance,2017,7.3,Gábor Herendi,121,https://m.media-amazon.com/images/M/MV5BYzA4MzA1ZTgtOGFkOS00OThiLTgwOTktODFkMmM5Y2JkYjY3XkEyXkFqcGdeQXVyMTYzMDM0NTU@._V1_.jpg,Nagy Ervin  Petrik Andrea  Tibor Gáspár  József Gyabronka Gábor Herendi
16,34,Russian Ark,Sergei Dreiden, Mariya Kuznetsova, Leonid Mozgovoy, Mikhail Piotrovsky,Drama, Fantasy, History,2002,7.35,Marina Koreneva,99,https://m.media-amazon.com/images/M/MV5BMjEyNDEwOTU0NV5BMl5BanBnXkFtZTYwNjk0NTk5._V1_.jpg,Sergei Dreiden  Mariya Kuznetsova  Leonid Mozgovoy  Mikhail Piotrovsky Marina Koreneva
17,35,Kick-Ass,Aaron Taylor-Johnson, Chloë Grace Moretz, Nicolas Cage, Christopher Mintz-Plasse,Action, Crime, Superhero,2010,7.1,Matthew Vaughn,117,https://m.media-amazon.com/images/M/MV5BMTMzNzEzMDYxM15BMl5BanBnXkFtZTcwMTc0NTMxMw@@._V1_.jpg,Aaron Taylor-Johnson  Chloë Grace Moretz  Nicolas Cage  Christopher Mintz-Plasse Matthew Vaughn
18,36,Kick-Ass 2,Aaron Taylor-Johnson, Chloë Grace Moretz, Christopher Mintz-Plasse, Jim Carrey,Action, Adventure, Crime,2013,6.4,Jeff Wadlow,103,https://m.media-amazon.com/images/M/MV5BMTQ4OTQxNzc0N15BMl5BanBnXkFtZTcwOTQxOTU5OQ@@._V1_.jpg,Aaron Taylor-Johnson  Chloë Grace Moretz  Christopher Mintz-Plasse  Jim Carrey Jeff Wadlow
19,38,Kick,Salman Khan, Jacqueline Fernandez, Randeep Hooda, Nawazuddin Siddiqui,Action, Comedy, Thriller,2014,5.9,Sajid Nadiadwala,146,https://m.media-amazon.com/images/M/MV5BMTUyMTg0MTA1OF5BMl5BanBnXkFtZTgwMDg2MjMwMjE@._V1_.jpg,Salman Khan  Jacqueline Fernandez  Randeep Hooda  Nawazuddin Siddiqui Sajid Nadiadwala
20,39,Gotta Kick It Up!,Camille Guaty, America Ferrera, Jhoanna Flores, Suilma Rodriguez,TV Movie, Comedy, Drama,2002,6.5,Ramón Menéndez,85,https://m.media-amazon.com/images/M/MV5BMWZkMDdmNDYtZDY3ZC00NDA3LWEwZTMtNGEyMjJmMjNjOGM0XkEyXkFqcGdeQXVyMTIwMjY0NjQz._V1_.jpg,Camille Guaty  America Ferrera  Jhoanna Flores  Suilma Rodriguez Ramón Menéndez
21,41,Kick Me,Santiago Vasquez, Ramone Armstrong, Matthew Stathas, Eric Logan,Action, Comedy, Horror,2023,6,Gary Huggins,84,https://m.media-amazon.com/images/M/MV5BZDYxMTBjZmEtMmFmYy00OWI5LTlhNTUtY2ZjN2E3Mjg4ZjJmXkEyXkFqcGdeQXVyNTA1MTM5OTQ@._V1_.jpg,Santiago Vasquez  Ramone Armstrong  Matthew Stathas  Eric Logan Gary Huggins
22,42,Breaking Bad,unknown,unknown,unknown,unknown,unknown,unknown,unknown,0,0,unknown,unknown,https://m.media-amazon.com/images/M/MV5BYmQ4YWMxYjUtNjZmYi00MDQ1LWFjMjMtNjA5ZDdiYjdiODU5XkEyXkFqcGdeQXVyMTMzNDExODE5._V1_.jpg,unknown unknown unknown unknown unknown
23,43,Premalu,Naslen, Mamitha Baiju, Akhila Bhargavan, Sangeeth Prathap,Romance, Comedy,unknown,2024,7.75,Girish A D,154,https://m.media-amazon.com/images/M/MV5BYzFmODBhMjQtNjE0ZC00ZjczLTg5ZjktNTZhYzA0YmVkNzZjXkEyXkFqcGdeQXVyMTYwMjkzMjkx._V1_.jpg,Naslen  Mamitha Baiju  Akhila Bhargavan  Sangeeth Prathap Girish A D
24,44,Tholi Prema,Pawan Kalyan, Keerthi Reddy, Ali Basha, Ravi Babu,Romance, Drama, Comedy,1998,5.4,A. Karunakaran,136,https://m.media-amazon.com/images/M/MV5BNzFiMjgyZGEtMGNmNi00MGVlLTkxYjYtNjEyZDQ1NTE5NDQ3XkEyXkFqcGdeQXVyMTU1MjQxOTM5._V1_.jpg,Pawan Kalyan  Keerthi Reddy  Ali Basha  Ravi Babu A. Karunakaran
25,45,Prema Kavali,Aadi Saikumar, Isha Chawla, Dev Gill, Nassar,Romance, Comedy,unknown,2011,3.3,K. Vijaya Bhaskar,166,https://m.media-amazon.com/images/M/MV5BZDE2ZTFkNGMtZGI5Yi00OTY2LTk1ZDAtNGMyZWUzYjM1Nzc5XkEyXkFqcGdeQXVyNDk4OTE4MDE@._V1_.jpg,Aadi Saikumar  Isha Chawla  Dev Gill  Nassar K. Vijaya Bhaskar
26,46,Ondu Sarala Prema Kathe,Vinay Rajkumar, Swathishta Krishnan, Mallika Singh, Karthik Mahesh,Drama, Romance,unknown,2024,0,Suni,90,https://m.media-amazon.com/images/M/MV5BNzA2OGE5YjQtYTM3YS00NGVhLTg1ZGEtZjg2N2Q1MDQ4YWZkXkEyXkFqcGdeQXVyMTQ3Mzk2MDg4._V1_.jpg,Vinay Rajkumar  Swathishta Krishnan  Mallika Singh  Karthik Mahesh Suni
27,48,Gunde Jaari Gallanthayyinde,Nithiin, Isha Talwar, Nithya Menen, Ali Basha,Romance, Comedy, Drama,2013,6.5,Vijay Kumar Konda,150,https://m.media-amazon.com/images/M/MV5BMjExYWY3YTUtZjA0Ni00MDU4LWJjOWItZDc0NjM3ZTdlNWI3XkEyXkFqcGdeQXVyODA2ODM3NDQ@._V1_.jpg,Nithiin  Isha Talwar  Nithya Menen  Ali Basha Vijay Kumar Konda
28,49,Around the World in Eighty Days,David Niven, Cantinflas, Finlay Currie, Robert Morley,Adventure, Comedy, Family,1956,6.659,Michael Anderson,182,"https://m.media-amazon.com/images/I/7138vUm-VkL._AC_UF1000,1000_QL80_.jpg",David Niven  Cantinflas  Finlay Currie  Robert Morley Michael Anderson
29,51,How to Lose a Guy in 10 Days,Kate Hudson, Matthew McConaughey, Kathryn Hahn, Annie Parisse,Comedy, Romance, Action,2003,6.765,Donald Petrie,116,https://m.media-amazon.com/images/M/MV5BMjE4NTA1NzExN15BMl5BanBnXkFtZTYwNjc3MjM3._V1_.jpg,Kate Hudson  Matthew McConaughey  Kathryn Hahn  Annie Parisse Donald Petrie
30,52,Around the World in 80 Days,Jackie Chan, Steve Coogan, Cécile de France, Jim Broadbent,Action, Adventure, Comedy,2004,5.925,Harvey Harrison,120,https://m.media-amazon.com/images/M/MV5BNjRhNjVlYTgtODZiOS00OTVhLWE4ZTItZjc3MTFiYWY1YjI5L2ltYWdlXkEyXkFqcGdeQXVyNjc1NTYyMjg@._V1_.jpg,Jackie Chan  Steve Coogan  Cécile de France  Jim Broadbent Harvey Harrison
32,55,Mast Mein Rehne Ka,Jackie Shroff, Neena Gupta, Abhishek Chauhan, Monika Panwar,Comedy, Drama, Action,2023,7.563,Divyangini Sharma,127,https://m.media-amazon.com/images/M/MV5BZDhjYmUzZGEtOWIyYi00ZDgzLWEwNmQtZGI4MjdhMDg1YTQ4XkEyXkFqcGdeQXVyMTUzNTgzNzM0._V1_.jpg,Jackie Shroff  Neena Gupta  Abhishek Chauhan  Monika Panwar Divyangini Sharma
33,57,Master and Commander: The Far Side of the World,Russell Crowe, Paul Bettany, James D'Arcy, Robert Pugh,Adventure, Drama, War,2003,7.138,Alan B. Curtiss,138,https://m.media-amazon.com/images/M/MV5BZGRjM2IyM2EtZDAxYi00NTdjLTliMGYtMmRhZGUyNjRjNWYwXkEyXkFqcGdeQXVyODE5NzE3OTE@._V1_.jpg,Russell Crowe  Paul Bettany  James D'Arcy  Robert Pugh Alan B. Curtiss
34,58,Masters of Sex,unknown,unknown,unknown,unknown,unknown,unknown,unknown,0,0,unknown,unknown,https://m.media-amazon.com/images/M/MV5BMTgzNjkzNjMxOF5BMl5BanBnXkFtZTgwMTcyMTg2OTE@._V1_.jpg,unknown unknown unknown unknown unknown
35,59,Master Gardener,Joel Edgerton, Sigourney Weaver, Quintessa Swindell, Esai Morales,Drama, Romance, Thriller,2023,6.4,Fernando Malabet,111,https://m.media-amazon.com/images/M/MV5BNzQ1YmY1YTItNzg1MC00NDBkLThjZmItYzhkMjdkNjZjMjdmXkEyXkFqcGdeQXVyMTAyMjQ3NzQ1._V1_.jpg,Joel Edgerton  Sigourney Weaver  Quintessa Swindell  Esai Morales Fernando Malabet
36,60,Masters of the Universe,Dolph Lundgren, Frank Langella, Meg Foster, Billy Barty,Action, Fantasy, Sci-Fi,1987,5.4,Gary Goddard,106,https://m.media-amazon.com/images/M/MV5BYzRlMzQzNDEtYTg5My00NTFjLWFiYzYtMjJkMzUyYzJjMzgyXkEyXkFqcGdeQXVyMTQxNzMzNDI@._V1_.jpg,Dolph Lundgren  Frank Langella  Meg Foster  Billy Barty Gary Goddard
37,61,Captain Marvel,Brie Larson, Samuel L. Jackson, Ben Mendelsohn, Jude Law,Action, Adventure, Sci-Fi,2019,6.829,Jeff Habberstad,124,https://m.media-amazon.com/images/M/MV5BMTE0YWFmOTMtYTU2ZS00ZTIxLWE3OTEtYTNiYzBkZjViZThiXkEyXkFqcGdeQXVyODMzMzQ4OTI@._V1_.jpg,Brie Larson  Samuel L. Jackson  Ben Mendelsohn  Jude Law Jeff Habberstad
39,63,The Marvels,Brie Larson, Teyonah Parris, Iman Vellani, Zawe Ashton,Sci-Fi, Adventure, Action,2023,6.213,Joe Barlow,105,https://m.media-amazon.com/images/M/MV5BM2U2YWU5NWMtOGI2Ni00MGMwLWFkNjItMjgyZWMxNjllNTMzXkEyXkFqcGdeQXVyMDM2NDM2MQ@@._V1_.jpg,Brie Larson  Teyonah Parris  Iman Vellani  Zawe Ashton Joe Barlow
40,67,The Zone of Interest,Christian Friedel, Sandra Hüller, Johann Karthaus, Luis Noah Witte,History, Drama, War,2023,7.305,Jonathan Glazer,105,https://m.media-amazon.com/images/M/MV5BYzRmOGQwZjktYjM2Ni00M2NmLWFlZDYtZGFhM2RkM2VhZDI1XkEyXkFqcGdeQXVyMTM1NjM2ODg1._V1_.jpg,Christian Friedel  Sandra Hüller  Johann Karthaus  Luis Noah Witte Jonathan Glazer
41,68,The Holdovers,Paul Giamatti, Dominic Sessa, Da'Vine Joy Randolph, Carrie Preston,Comedy, Drama, Holiday,2023,7.773,Alexander Payne,133,https://m.media-amazon.com/images/M/MV5BNDc2MzNkMjMtZDY5NC00NmQ0LWI1NjctZjRhNWIzZjc4MGRiXkEyXkFqcGdeQXVyMjkwOTAyMDU@._V1_.jpg,Paul Giamatti  Dominic Sessa  Da'Vine Joy Randolph  Carrie Preston Alexander Payne
42,69,The Gentlemen,Matthew McConaughey, Charlie Hunnam, Henry Golding, Michelle Dockery,Action, Crime, Comedy,2020,7.68,Max Keene,113,https://m.media-amazon.com/images/M/MV5BOGJjODQxYWUtYjlkOC00NzJiLTgyZjUtY2Q3Y2FhZGVlODEwXkEyXkFqcGdeQXVyMTkxNjUyNQ@@._V1_.jpg,Matthew McConaughey  Charlie Hunnam  Henry Golding  Michelle Dockery Max Keene
44,71,Monkey Man,Dev Patel, Sharlto Copley, Pitobash, Vipin Sharma,Action, Thriller, Drama,2024,0,Dev Patel,90,https://m.media-amazon.com/images/M/MV5BNzZlODVjMzgtZGM1Yi00MWMwLTkyYTQtMzJlZjQ4MDgwYzg4XkEyXkFqcGdeQXVyMTUzMTg2ODkz._V1_.jpg,Dev Patel  Sharlto Copley  Pitobash  Vipin Sharma Dev Patel
45,72,Man of Steel,Henry Cavill, Amy Adams, Michael Shannon, Diane Lane,Action, Adventure, Sci-Fi,2013,6.621,Zack Snyder,143,https://m.media-amazon.com/images/M/MV5BMTk5ODk1NDkxMF5BMl5BanBnXkFtZTcwNTA5OTY0OQ@@._V1_.jpg,Henry Cavill  Amy Adams  Michael Shannon  Diane Lane Zack Snyder
46,73,Man on Fire,Denzel Washington, Dakota Fanning, Christopher Walken, Radha Mitchell,Action, Drama, Thriller,2004,7.46,Tony Scott,146,https://m.media-amazon.com/images/M/MV5BODFlMmEwMDgtYjhmZi00ZTE5LTk2NWQtMWE1Y2M0NjkzOGYxXkEyXkFqcGdeQXVyNjU0OTQ0OTY@._V1_.jpg,Denzel Washington  Dakota Fanning  Christopher Walken  Radha Mitchell Tony Scott
47,74,Spider-Man: Across the Spider-Verse,Shameik Moore, Hailee Steinfeld, Jason Schwartzman, Oscar Isaac,Animation, Action, Adventure,2023,8.379,Justin K. Thompson,140,https://m.media-amazon.com/images/M/MV5BMzI0NmVkMjEtYmY4MS00ZDMxLTlkZmEtMzU4MDQxYTMzMjU2XkEyXkFqcGdeQXVyMzQ0MzA0NTM@._V1_.jpg,Shameik Moore  Hailee Steinfeld  Jason Schwartzman  Oscar Isaac Justin K. Thompson
48,75,Iron Man,Robert Downey Jr., Terrence Howard, Jeff Bridges, Gwyneth Paltrow,Action, Sci-Fi, Adventure,2008,7.642,Jon Favreau,126,https://m.media-amazon.com/images/M/MV5BMTczNTI2ODUwOF5BMl5BanBnXkFtZTcwMTU0NTIzMw@@._V1_.jpg,Robert Downey Jr.  Terrence Howard  Jeff Bridges  Gwyneth Paltrow Jon Favreau
49,76,The King's Man,Harris Dickinson, Ralph Fiennes, Aaron Taylor-Johnson, Gemma Arterton,Action, Adventure, Comedy,2021,7.46154,Matthew Vaughn,90,https://m.media-amazon.com/images/M/MV5BMDEzZDY2ZDktNTlmOS00NThjLThkNTEtMjE5MzI5NWEwZmRjXkEyXkFqcGdeQXVyMDA4NzMyOA@@._V1_.jpg,Harris Dickinson  Ralph Fiennes  Aaron Taylor-Johnson  Gemma Arterton Matthew Vaughn
50,77,The Gray Man,Ryan Gosling, Chris Evans, Ana de Armas, Billy Bob Thornton,Action, Thriller, Adventure,2022,6.969,Anthony Russo,122,https://m.media-amazon.com/images/M/MV5BOWY4MmFiY2QtMzE1YS00NTg1LWIwOTQtYTI4ZGUzNWIxNTVmXkEyXkFqcGdeQXVyODk4OTc3MTY@._V1_.jpg,Ryan Gosling  Chris Evans  Ana de Armas  Billy Bob Thornton Anthony Russo
51,78,Kayoko's Diary,Masako Ikeda, Katsue Miwa, Masako Nozawa, Nozomu Sasaki,Animation, Drama, War,1991,6.9,Seiji Arihara,90,https://m.media-amazon.com/images/M/MV5BYjQzYjBhOTgtOTE2Yy00YTVlLWExMjAtNzk4MGYyODM4ZjhlXkEyXkFqcGdeQXVyMzA3NDI5NTQ@._V1_.jpg,Masako Ikeda  Katsue Miwa  Masako Nozawa  Nozomu Sasaki Seiji Arihara
52,79,Someone's Knocking at the Door,Noah Segan, Andrea Renda, Elina Madison, Ezra Buzzington,Horror, Comedy, Fantasy,2009,4.4,Chad Ferrin,80,https://m.media-amazon.com/images/M/MV5BMzQwNTA0OTcyOF5BMl5BanBnXkFtZTcwNjk3Njc1Mw@@._V1_.jpg,Noah Segan  Andrea Renda  Elina Madison  Ezra Buzzington Chad Ferrin
53,80,Truth or Dare,Lucy Hale, Violett Beane, Tyler Posey, Hayden Szeto,Thriller, Horror, Action,2018,5.969,Jeff Wadlow,101,https://m.media-amazon.com/images/M/MV5BOGU2YTZmMjYtZDUwYi00NTc1LTlkMjAtM2ViZDkzOTlhNGNhXkEyXkFqcGdeQXVyMTMxODk2OTU@._V1_.jpg,Lucy Hale  Violett Beane  Tyler Posey  Hayden Szeto Jeff Wadlow
54,81,The Secret: Dare to Dream,Katie Holmes, Josh Lucas, Jerry O'Connell, Celia Weston,Drama, Romance, Action,2020,7.299,Andy Tennant,107,https://m.media-amazon.com/images/M/MV5BMzVhNWI5NzctNWU0MS00YzI4LThkY2QtMmE2NTVkYzI3YTI5XkEyXkFqcGdeQXVyMTA2MDU0NjM5._V1_.jpg,Katie Holmes  Josh Lucas  Jerry O'Connell  Celia Weston Andy Tennant
55,82,Where Eagles Dare,Richard Burton, Clint Eastwood, Mary Ure, Patrick Wymark,Action, Adventure, War,1968,7.6,Brian G. Hutton,155,https://m.media-amazon.com/images/M/MV5BNGE3ZWZiNzktMDIyOC00ZmVhLThjZTktZjQ5NjI4NGVhMDBlXkEyXkFqcGdeQXVyMjI4MjA5MzA@._V1_.jpg,Richard Burton  Clint Eastwood  Mary Ure  Patrick Wymark Brian G. Hutton
56,83,Like Stars on Earth,Darsheel Safary, Aamir Khan, Tisca Chopra, Vipin Sharma,Drama, Family,unknown,2007,7.996,Amole Gupte,162,https://m.media-amazon.com/images/M/MV5BYjY0MGU3MmQtMGVhOS00M2IyLWI1MTktZGUxMzBjMTE5ZDA3XkEyXkFqcGdeQXVyNjU0OTQ0OTY@._V1_.jpg,Darsheel Safary  Aamir Khan  Tisca Chopra  Vipin Sharma Amole Gupte
57,84,The Dare,Richard Brake, Bart Edwards, Richard Short, Alexandra Evans,Horror, Mystery, Thriller,2019,5.2,Giles Alderson,97,https://m.media-amazon.com/images/M/MV5BNTQwYzk4ZjUtMmI0NC00MTA2LWE5NTItY2YyYjViMGY2MzVjXkEyXkFqcGdeQXVyMTcwMjE4MTQ@._V1_.jpg,Richard Brake  Bart Edwards  Richard Short  Alexandra Evans Giles Alderson
58,85,Magadheera,Ram Charan, Kajal Agarwal, Dev Gill, Srihari,Action, Drama, Fantasy,2009,6.8,S.S. Rajamouli,164,https://m.media-amazon.com/images/M/MV5BNDRkNmNiYTYtYjIxNi00MjQyLThlZWQtYmU0NDMxNDE0NWYzXkEyXkFqcGdeQXVyODMyODMxNDY@._V1_.jpg,Ram Charan  Kajal Agarwal  Dev Gill  Srihari S.S. Rajamouli
59,86,Yevadu,Ram Charan, Shruti Haasan, Amy Jackson, Jayasudha,Action, Thriller,unknown,2014,6,Vamsi Paidipally,166,https://m.media-amazon.com/images/M/MV5BY2ViNzVmOWEtMDg2Zi00NmE2LWE4YzAtZTNhZjBhMTFmNjIxXkEyXkFqcGdeQXVyNjQ2MjQ5NzM@._V1_.jpg,Ram Charan  Shruti Haasan  Amy Jackson  Jayasudha Vamsi Paidipally
60,98,Corona Dhavan,Lukman Avaran, Sreenath Bhasi, Sarath Sabha, Johny Antony,Comedy,unknown,unknown,2023,6.5,Nithin C C Aloor,130,https://m.media-amazon.com/images/M/MV5BNTc5MTNmYzItZGIxZS00MDViLTljNWUtMmJkYzBhNGMwNmQwXkEyXkFqcGdeQXVyMjkxNzQ1NDI@._V1_.jpg,Lukman Avaran  Sreenath Bhasi  Sarath Sabha  Johny Antony Nithin C C Aloor
61,99,Saindhav,Venkatesh, Nawazuddin Siddiqui, Baby Sara, Shraddha Srinath,Action, Crime,unknown,2024,6,Sailesh Kolanu,138,https://m.media-amazon.com/images/M/MV5BNzE3YjcyYzMtNTRkNi00ZGY0LThiNzItNzJmZmIwNTAyODA1XkEyXkFqcGdeQXVyMTQ3Mzk2MDg4._V1_.jpg,Venkatesh  Nawazuddin Siddiqui  Baby Sara  Shraddha Srinath Sailesh Kolanu
62,105,Atharintiki Daaredi,Pawan Kalyan, Samantha Ruth Prabhu, Pranitha Subhash, Boman Irani,Action, Comedy, Drama,2013,6.7,Trivikram Srinivas,169,https://m.media-amazon.com/images/M/MV5BZWQzNDdmN2UtZTc5ZC00M2EzLWE2ZTUtMjVhNzJmOGQ5YzkwXkEyXkFqcGdeQXVyMzA0NTI2OTM@._V1_.jpg,Pawan Kalyan  Samantha Ruth Prabhu  Pranitha Subhash  Boman Irani Trivikram Srinivas
63,109,Dookudu,Mahesh Babu, Samantha Akkineni, Sonu Sood, Kota Srinivasa Rao,Action, Drama, Comedy,2011,6.1,Saikishore,174,https://m.media-amazon.com/images/M/MV5BNzc2MDcyZjYtZTc1ZS00Mzg0LWEzMDAtZTIyMGNiY2M2ZjFhXkEyXkFqcGdeQXVyNjQ1MDcxNzM@._V1_.jpg,Mahesh Babu  Samantha Akkineni  Sonu Sood  Kota Srinivasa Rao Saikishore
64,115,Decapitation of an Evil Woman,Terumi Azuma, Yoshinobu Hirose, Yukiko Tachibana, Takuzō Kawatani,Action, Crime, Drama,1977,6,Yuji Makiguchi,62,,Terumi Azuma  Yoshinobu Hirose  Yukiko Tachibana  Takuzō Kawatani Yuji Makiguchi
65,117,Aarya,R. Madhavan, Bhavana, Prakash Raj, Vadivelu,Action, Drama, Romance,2007,6.2,Balasekaran,160,https://m.media-amazon.com/images/M/MV5BNzY1NDE2MWQtNzJlOC00MGZiLTkxN2YtMTQ5YWVkMTA2MGU5XkEyXkFqcGdeQXVyMTE0MDk1NjA1._V1_.jpg,R. Madhavan  Bhavana  Prakash Raj  Vadivelu Balasekaran
69,120,Aarya 2,Allu Arjun, Navdeep, Kajal Agarwal, Brahmanandam,Action, Comedy, Drama,2009,7,Sukumar,155,https://m.media-amazon.com/images/M/MV5BMmY4OTk1MTctYTM1My00Y2IyLWJlMmUtNzUyOThhYzM4YmNkXkEyXkFqcGdeQXVyNjA0MTQ0MjI@._V1_.jpg,Allu Arjun  Navdeep  Kajal Agarwal  Brahmanandam Sukumar
70,122,Mr. Robot,Christian Slater, Rami Malek, Carly Chaikin, Martin Wallström,Drama, Thriller,unknown,2015,9.75,Sam Esmail,49,https://m.media-amazon.com/images/M/MV5BM2QyNDIzOGMtNThhNS00NmUwLWI0ZjUtZjdkN2I1OTRjZWQ3XkEyXkFqcGdeQXVyNzQ1ODk3MTQ@._V1_.jpg,Christian Slater  Rami Malek  Carly Chaikin  Martin Wallström Sam Esmail
71,123,Mr Inbetween,unknown,unknown,unknown,unknown,unknown,unknown,unknown,0,0,unknown,unknown,https://m.media-amazon.com/images/M/MV5BNWU4MTA0ZTItZmUyYi00ZGY3LWE2NTYtMDQ3N2RkZjcwYjk4XkEyXkFqcGdeQXVyMTkxNjUyNQ@@._V1_.jpg,unknown unknown unknown unknown unknown
72,124,Mr. Mercedes,unknown,unknown,unknown,unknown,unknown,unknown,unknown,0,0,unknown,unknown,https://m.media-amazon.com/images/M/MV5BYTRhMWE1NjMtZTc0YS00YTU0LTlkYzgtMzE5MGFlZmVjYTFlXkEyXkFqcGdeQXVyMTkxNjUyNQ@@._V1_.jpg,unknown unknown unknown unknown unknown
73,125,Mr. & Mrs. Smith,Brad Pitt, Angelina Jolie, Vince Vaughn, Adam Brody,Action, Comedy, Drama,2005,6.679,Mic Rodgers,119,https://m.media-amazon.com/images/M/MV5BMDE0M2YyM2UtODRmNC00YjAyLWIwMjktOTAwMDBiYjBhMGZmXkEyXkFqcGdeQXVyMjkwOTAyMDU@._V1_.jpg,Brad Pitt  Angelina Jolie  Vince Vaughn  Adam Brody Mic Rodgers
75,126,Mr. Nobody,Jared Leto, Sarah Polley, Diane Kruger, Linh-Dan Pham,Sci-Fi, Drama, Romance,2009,7.825,Jaco Van Dormael,141,https://m.media-amazon.com/images/M/MV5BMTg4ODkzMDQ3Nl5BMl5BanBnXkFtZTgwNTEwMTkxMDE@._V1_.jpg,Jared Leto  Sarah Polley  Diane Kruger  Linh-Dan Pham Jaco Van Dormael
76,127,Perfect Days,Koji Yakusho, Tokio Emoto, Arisa Nakano, Aoi Yamada,Drama,unknown,unknown,2023,7.9,Takuma Hayashi,124,https://m.media-amazon.com/images/M/MV5BYjI2Njc4MGQtYzYwNC00MDQ1LTkyMzQtODY0NDk4NzZjNGMyXkEyXkFqcGdeQXVyMTM1NjM2ODg1._V1_.jpg,Koji Yakusho  Tokio Emoto  Arisa Nakano  Aoi Yamada Takuma Hayashi
77,128,Perfect,John Travolta, Jamie Lee Curtis, Marilu Henner, Laraine Newman,Drama, Romance, Action,1985,5.6,James Bridges,115,https://m.media-amazon.com/images/M/MV5BY2ZkZjNhYjMtZGFiYS00ZDk5LWE1NDQtY2I0ZWRkMDM4MGYwXkEyXkFqcGdeQXVyNDE5MTU2MDE@._V1_.jpg,John Travolta  Jamie Lee Curtis  Marilu Henner  Laraine Newman James Bridges
78,130,Pitch Perfect,Anna Kendrick, Brittany Snow, Anna Camp, Rebel Wilson,Comedy, Music, Romance,2012,7.293,George Bamber,112,https://m.media-amazon.com/images/M/MV5BMTcyMTMzNzE5N15BMl5BanBnXkFtZTcwNzg5NjM5Nw@@._V1_.jpg,Anna Kendrick  Brittany Snow  Anna Camp  Rebel Wilson George Bamber
79,131,Perfect Blue,Junko Iwao, Rica Matsumoto, Shiho Niiyama, Masaaki Okura,Animation, Thriller, Anime,1998,8.295,Kou Matsuo,81,https://m.media-amazon.com/images/M/MV5BMmMzOWNhNTYtYmY0My00OGJiLWIzNDUtZWRhNGY0NWFjNzFmXkEyXkFqcGdeQXVyNjUxMDQ0MTg@._V1_.jpg,Junko Iwao  Rica Matsumoto  Shiho Niiyama  Masaaki Okura Kou Matsuo
80,132,Nine Perfect Strangers,unknown,unknown,unknown,unknown,unknown,unknown,unknown,0,0,unknown,unknown,https://m.media-amazon.com/images/M/MV5BYjBkYjgxNTktZjQ0Zi00OGU5LThjOTEtOGUzMDVhNjc2MjU4XkEyXkFqcGdeQXVyMTkxNjUyNQ@@._V1_.jpg,unknown unknown unknown unknown unknown
81,133,Perfect Sense,Ewan McGregor, Eva Green, Ewen Bremner, Stephen Dillane,Drama, Sci-Fi, Romance,2011,6.9,David Mackenzie,93,https://m.media-amazon.com/images/M/MV5BMTk3MjYwMjkzOF5BMl5BanBnXkFtZTcwMTE1NjIxNw@@._V1_.jpg,Ewan McGregor  Eva Green  Ewen Bremner  Stephen Dillane David Mackenzie
82,134,Perfect Strangers,unknown,unknown,unknown,unknown,unknown,unknown,unknown,0,0,unknown,unknown,https://m.media-amazon.com/images/M/MV5BNTQ5ZDA2YmEtNTU3Ni00MDVmLTliZTYtZDYwMTMzNjJmZTA1XkEyXkFqcGdeQXVyNTE1NjY5Mg@@._V1_.jpg,unknown unknown unknown unknown unknown
83,135,Hulk,Eric Bana, Jennifer Connelly, Sam Elliott, Josh Lucas,Action, Sci-Fi, Superhero,2003,5.5,Artist W. Robinson,138,https://m.media-amazon.com/images/M/MV5BMzQwZDg1MGEtN2E5My00ZDJlLWI4MzItM2U2MjJhYzlkNmEzXkEyXkFqcGdeQXVyNDAxNjkxNjQ@._V1_.jpg,Eric Bana  Jennifer Connelly  Sam Elliott  Josh Lucas Artist W. Robinson
84,136,The Incredible Hulk,Edward Norton, Liv Tyler, Tim Roth, William Hurt,Sci-Fi, Action, Adventure,2008,6.206,Louis Leterrier,114,https://m.media-amazon.com/images/M/MV5BMTUyNzk3MjA1OF5BMl5BanBnXkFtZTcwMTE1Njg2MQ@@._V1_.jpg,Edward Norton  Liv Tyler  Tim Roth  William Hurt Louis Leterrier
88,139,Hulk Vs.,Fred Tatasciore, Matthew Wolf, Grey DeLisle, Kari Wahlgren,Sci-Fi, Animation, Action,2009,6.6,Frank Paur,78,https://m.media-amazon.com/images/M/MV5BMTc1NzMzMzU4Nl5BMl5BanBnXkFtZTcwNTQ3NDYwNQ@@._V1_.jpg,Fred Tatasciore  Matthew Wolf  Grey DeLisle  Kari Wahlgren Frank Paur
89,147,Nuvvu Thopu Raa,Sudhakar Komakula, Nirosha, Nitya Shetty, Gemini Suresh,Drama,unknown,unknown,2019,5.5,Harinath Babu,140,https://m.media-amazon.com/images/M/MV5BNzViOTNhZGYtNTgxYy00OWY2LTgwN2ItNDJlOTE1Y2Q2ZTZhXkEyXkFqcGdeQXVyNDc2NzU1MTA@._V1_.jpg,Sudhakar Komakula  Nirosha  Nitya Shetty  Gemini Suresh Harinath Babu
90,149,The House Bunny,Anna Faris, Emma Stone, Kat Dennings, Katharine McPhee,Romance, Comedy, Action,2008,5.6,Fred Wolf,97,https://m.media-amazon.com/images/M/MV5BODkxMDg0MjM2OF5BMl5BanBnXkFtZTcwMjc0NTU4MQ@@._V1_.jpg,Anna Faris  Emma Stone  Kat Dennings  Katharine McPhee Fred Wolf
91,150,The Brown Bunny,Vincent Gallo, Chloë Sevigny, Cheryl Tiegs, Elizabeth Blake,Drama,unknown,unknown,2004,5.5,Vincent Gallo,93,https://m.media-amazon.com/images/M/MV5BZWUyMGVkYTYtZGFjNy00N2M2LWEwZmItMTk0NTA4Y2JkN2I4XkEyXkFqcGdeQXVyMjQwMjk0NjI@._V1_.jpg,Vincent Gallo  Chloë Sevigny  Cheryl Tiegs  Elizabeth Blake Vincent Gallo
92,151,The Bunny Game,Rodleen Getsic, Norwood Fisher, Gregg Gilmore, Paul Ill,Horror,unknown,unknown,2011,4.4,Adam Rehmeier,76,https://m.media-amazon.com/images/M/MV5BMTYxNTMxNTM1MV5BMl5BanBnXkFtZTcwMDgzMzQ0Nw@@._V1_.jpg,Rodleen Getsic  Norwood Fisher  Gregg Gilmore  Paul Ill Adam Rehmeier
93,152,Bunny Lake Is Missing,Carol Lynley, Laurence Olivier, Keir Dullea, Martita Hunt,Mystery, Thriller, Action,1965,7.18,Bryan Coates,107,https://m.media-amazon.com/images/M/MV5BODJkNTk0YWYtNWYwZC00NjE5LTg2NGYtZTA5MjEzNWY3YTc2XkEyXkFqcGdeQXVyMTMxMTY0OTQ@._V1_.jpg,Carol Lynley  Laurence Olivier  Keir Dullea  Martita Hunt Bryan Coates
94,153,Papá de alquiler,Gordon Cormier, Kiawentiio, Ian Ousley, Dallas Liu,Comedy, Action, Adventure,2024,9.33333,unknown,90,,Gordon Cormier  Kiawentiio  Ian Ousley  Dallas Liu unknown
95,154,Avatar: The Last Airbender,Zach Tyler, Mae Whitman, Jack De Sena, Dante Basco,Animation, Fantasy, Adventure,2005,10,Ethan Spaulding,23,https://m.media-amazon.com/images/M/MV5BMTViNTY2MjMtYmUwOC00ZGYxLThjOWEtYjNjZWU3MTYwYzZmXkEyXkFqcGdeQXVyMTEzMTI1Mjk3._V1_.jpg,Zach Tyler  Mae Whitman  Jack De Sena  Dante Basco Ethan Spaulding
97,155,Avatar,Sam Worthington, Zoe Saldaña, Sigourney Weaver, Stephen Lang,Action, Adventure, Fantasy,2009,7.58,Josh McLaglen,162,https://m.media-amazon.com/images/M/MV5BZDA0OGQxNTItMDZkMC00N2UyLTg3MzMtYTJmNjg3Nzk5MzRiXkEyXkFqcGdeQXVyMjUzOTY1NTc@._V1_.jpg,Sam Worthington  Zoe Saldaña  Sigourney Weaver  Stephen Lang Josh McLaglen
98,156,Avatar: The Way of Water,Sam Worthington, Zoe Saldaña, Sigourney Weaver, Stephen Lang,Sci-Fi, Adventure, Action,2022,7.631,James Cameron,192,https://m.media-amazon.com/images/M/MV5BYjhiNjBlODctY2ZiOC00YjVlLWFlNzAtNTVhNzM1YjI1NzMxXkEyXkFqcGdeQXVyMjQxNTE1MDA@._V1_.jpg,Sam Worthington  Zoe Saldaña  Sigourney Weaver  Stephen Lang James Cameron
99,158,Open Range,Kevin Costner, Robert Duvall, Michael Gambon, Michael Jeter,Western, Action, Drama,2003,7.2,Alan Geoffrion,139,https://m.media-amazon.com/images/M/MV5BMTYyNjA4NTY3N15BMl5BanBnXkFtZTYwNjc0MDM3._V1_.jpg,Kevin Costner  Robert Duvall  Michael Gambon  Michael Jeter Alan Geoffrion
100,159,Open Season,Martin Lawrence, Ashton Kutcher, Gary Sinise, Debra Messing,Animation, Family, Adventure,2006,6.15,Jill Culton,86,https://m.media-amazon.com/images/M/MV5BMTQwOTg2MjU0OV5BMl5BanBnXkFtZTcwMzIzNTQzMQ@@._V1_.jpg,Martin Lawrence  Ashton Kutcher  Gary Sinise  Debra Messing Jill Culton
101,161,Open Your Eyes,Eduardo Noriega, Penélope Cruz, Chete Lera, Fele Martínez,Drama, Thriller, Sci-Fi,1997,7.451,Carmen Soriano,117,https://m.media-amazon.com/images/M/MV5BYjAyNmFlMzgtZDNiYi00N2FkLTk5YTEtYjMxNDJlMTJkZjg3XkEyXkFqcGdeQXVyMjA0MzYwMDY@._V1_.jpg,Eduardo Noriega  Penélope Cruz  Chete Lera  Fele Martínez Carmen Soriano
102,162,Open Water,Blanchard Ryan, Daniel Travis, Saul Stein, Michael E. Williamson,Drama, Thriller, Horror,2003,5.4,Chris Kentis,79,https://m.media-amazon.com/images/M/MV5BNjQ5ODAyOTk3OF5BMl5BanBnXkFtZTcwNzQ1NjYyMQ@@._V1_.jpg,Blanchard Ryan  Daniel Travis  Saul Stein  Michael E. Williamson Chris Kentis
103,163,Open Marriage,Tilky Jones, Nikki Leigh, Kelly Dowdle, Jason Tobias,Thriller, TV Movie, Action,2017,4,Sam Irvin,81,https://m.media-amazon.com/images/M/MV5BN2NkYzBmZWMtZTc0OS00NTY5LWIwYmEtYWFkNGIzNjI0ZjAyXkEyXkFqcGdeQXVyMTIzMzU0Mjgx._V1_.jpg,Tilky Jones  Nikki Leigh  Kelly Dowdle  Jason Tobias Sam Irvin
104,164,Open Grave,Sharlto Copley, Joseph Morgan, Thomas Kretschmann, Erin Richards,Horror, Thriller, Mystery,2013,5.939,Orsolya Vercz,102,https://m.media-amazon.com/images/M/MV5BMTc1MDM5MTI0Ml5BMl5BanBnXkFtZTgwOTMyODI1MDE@._V1_.jpg,Sharlto Copley  Joseph Morgan  Thomas Kretschmann  Erin Richards Orsolya Vercz
105,166,Oppenheimer,Cillian Murphy, Emily Blunt, Matt Damon, Robert Downey Jr.,Drama, History, Action,2023,8.114,Richard Molloy,181,https://m.media-amazon.com/images/M/MV5BMDBmYTZjNjUtN2M1MS00MTQ2LTk2ODgtNzc2M2QyZGE5NTVjXkEyXkFqcGdeQXVyNzAwMjU2MTY@._V1_.jpg,Cillian Murphy  Emily Blunt  Matt Damon  Robert Downey Jr. Richard Molloy
106,167,Barbie,Margot Robbie, Ryan Gosling, America Ferrera, Ariana Greenblatt,Comedy, Adventure, Action,2023,7.103,Josh Robertson,114,https://m.media-amazon.com/images/M/MV5BNjU3N2QxNzYtMjk1NC00MTc4LTk1NTQtMmUxNTljM2I0NDA5XkEyXkFqcGdeQXVyODE5NzE3OTE@._V1_.jpg,Margot Robbie  Ryan Gosling  America Ferrera  Ariana Greenblatt Josh Robertson
107,168,Barbie as The Princess & the Pauper,Kelly Sheridan, Melissa Lyons, Julie Stevens, Mark Hildreth,Animation, Family, Comedy,2004,7.463,William Lau,85,https://m.media-amazon.com/images/M/MV5BMGY5MzU3MzItNDBjMC00YjQzLWEzMTUtMGMxMTEzYjhkMGNkXkEyXkFqcGdeQXVyNDE5MTU2MDE@._V1_.jpg,Kelly Sheridan  Melissa Lyons  Julie Stevens  Mark Hildreth William Lau
108,169,Barbie in the Nutcracker,Kelly Sheridan, Kirby Morrow, Tim Curry, Peter Kelamis,Animation, Family, Musical,2001,6.84,Owen Hurley,77,https://m.media-amazon.com/images/M/MV5BMTk0Y2E2MjgtZDBhNi00OTQ3LTkyYzAtNTdmNzRhYTczZWI2XkEyXkFqcGdeQXVyNDE5MTU2MDE@._V1_.jpg,Kelly Sheridan  Kirby Morrow  Tim Curry  Peter Kelamis Owen Hurley
109,170,Barbie as Rapunzel,Kelly Sheridan, Anjelica Huston, Cree Summer, Ian James Corlett,Animation, Family, Fantasy,2002,6.9,Owen Hurley,84,https://m.media-amazon.com/images/M/MV5BNjViZmY0M2MtODUzNy00MjRiLTlhYjQtMjQ4ZDY3ZWFkYWE4XkEyXkFqcGdeQXVyNDE5MTU2MDE@._V1_.jpg,Kelly Sheridan  Anjelica Huston  Cree Summer  Ian James Corlett Owen Hurley
110,177,Padi Padi Leche Manasu,Sharwanand, Sai Pallavi, Murli Sharma, Priya Raman,Romance, Drama,unknown,2018,6.6,Hanu Raghavapudi,160,https://m.media-amazon.com/images/M/MV5BNmNhZmIwZGItZDkzNi00NzVhLWI2MjUtY2Y2MzY3ODAzNDM3XkEyXkFqcGdeQXVyOTA3MTM0MTM@._V1_.jpg,Sharwanand  Sai Pallavi  Murli Sharma  Priya Raman Hanu Raghavapudi
111,179,Demon Slayer: Kimetsu no Yaiba Mt. Natagumo Arc,Natsuki Hanae, Akari Kito, Hiro Shimono, Yoshitsugu Matsuoka,Action, Animation, Drama,2021,8.147,Haruo Sotozaki,138,https://m.media-amazon.com/images/M/MV5BN2EwNTUwYWItZTY4ZC00N2Q1LWFhZWQtNjMwMDBkZDVmYThjXkEyXkFqcGdeQXVyOTA2OTk0MDg@._V1_FMjpg_UX1000_.jpg,Natsuki Hanae  Akari Kito  Hiro Shimono  Yoshitsugu Matsuoka Haruo Sotozaki
112,182,Sound of the Mountain,Setsuko Hara, Sō Yamamura, Ken Uehara, Yôko Sugi,Drama,unknown,unknown,1954,7.5,Mikio Naruse,96,https://m.media-amazon.com/images/M/MV5BYzBkMTdhZTAtNDkyZS00MWNmLWJhNTctZTUzMmI5ZWU4M2M2XkEyXkFqcGdeQXVyNTcwNjUwNzk@._V1_.jpg,Setsuko Hara  Sō Yamamura  Ken Uehara  Yôko Sugi Mikio Naruse
113,183,A Distant Cry from Spring,Ken Takakura, Hidetaka Yoshioka, Chieko Baisho, Tetsuya Takeda,Drama,unknown,unknown,1980,7.3,Yoji Yamada,123,https://m.media-amazon.com/images/M/MV5BODAwNDdlM2UtNjZhZS00MTkxLTk5ZjYtODJmOWU4OWMyNzE3XkEyXkFqcGdeQXVyMzY2MDk0MTk@._V1_.jpg,Ken Takakura  Hidetaka Yoshioka  Chieko Baisho  Tetsuya Takeda Yoji Yamada
114,184,Yamasong: March of the Hollows,Abigail Breslin, Nathan Fillion, Freida Pinto, Peter Weller,Animation, Fantasy, Adventure,2017,4.1,Sam Koji Hale,95,https://m.media-amazon.com/images/M/MV5BMjM0MTEyMjUyOV5BMl5BanBnXkFtZTgwMzY1ODE2NTE@._V1_.jpg,Abigail Breslin  Nathan Fillion  Freida Pinto  Peter Weller Sam Koji Hale
115,191,Donga,unknown,unknown,unknown,unknown,Documentary, History, War,2023,0,Muhannad Lamin,90,https://m.media-amazon.com/images/M/MV5BNTc3OGY3YjMtYzhlZi00ODBiLWJjNmUtMjFkYTEzY2QyMTMxXkEyXkFqcGdeQXVyODU2NDAyMzg@._V1_.jpg,unknown unknown unknown unknown Muhannad Lamin
117,196,Tokyo Videos of Horror,Kouta Takagi, Hajime Izuki,unknown,unknown,Horror,unknown,unknown,2012,5.5,Kazuto Kodama,64,https://m.media-amazon.com/images/S/pv-target-images/b26b424ed927c5116dc067a03690caf71be6bbe2c6c6fb4221c47f406ed95bdb.jpg,Kouta Takagi  Hajime Izuki unknown unknown Kazuto Kodama
118,197,Tokyo Videos of Horror 6,unknown,unknown,unknown,unknown,Horror,unknown,unknown,2013,0,Kazuto Kodama,66,https://media.themoviedb.org/t/p/w500/kICsdVxe7jveCm8Zkw4YjTSKW2D.jpg,unknown unknown unknown unknown Kazuto Kodama
119,198,Tokyo Videos of Horror 2,Saki Mikami, Yuta Sasaki,unknown,unknown,Horror,unknown,unknown,2012,6.75,Kazuto Kodama,60,https://m.media-amazon.com/images/M/MV5BZGFkZTFhMDQtNDQ5ZS00M2I0LWI4OGUtOWM2MzQ5OTFhZGY4XkEyXkFqcGdeQXVyNDUyNzkyMTE@._V1_FMjpg_UX1000_.jpg,Saki Mikami  Yuta Sasaki unknown unknown Kazuto Kodama
120,200,Yami Douga 8,unknown,unknown,unknown,unknown,Horror,unknown,unknown,2013,0,unknown,73,https://m.media-amazon.com/images/M/MV5BNzM5MWY0NDMtOWZkOC00ZWQyLWEyOGEtYTBjMGE2ODIxNWVkXkEyXkFqcGdeQXVyMTAxMTM4NzU@._V1_.jpg,unknown unknown unknown unknown unknown
121,208,Shazam!,Zachary Levi, Mark Strong, Asher Angel, Jack Dylan Grazer,Action, Comedy, Fantasy,2019,7.024,David F. Sandberg,132,https://m.media-amazon.com/images/M/MV5BOWZhZjE4NGQtODg5Ni00MjQ1LWJmMzAtNzQ2N2M1NzYzMDJkXkEyXkFqcGdeQXVyMjMwNDgzNjc@._V1_.jpg,Zachary Levi  Mark Strong  Asher Angel  Jack Dylan Grazer David F. Sandberg
122,209,Thankam,Biju Menon, Vineeth Sreenivasan, Aparna Balamurali, Girish Kulkarni,Drama, Crime,unknown,2023,9.5,Prinish Prabhakaran,145,https://m.media-amazon.com/images/M/MV5BZmIyYWFhNDUtMGQwOC00NTRkLWFhMTMtN2IzOWJhNDk5N2EyXkEyXkFqcGdeQXVyMTU5OTAwOTY3._V1_.jpg,Biju Menon  Vineeth Sreenivasan  Aparna Balamurali  Girish Kulkarni Prinish Prabhakaran
123,210,The Shawshank Redemption,Tim Robbins, Morgan Freeman, Bob Gunton, William Sadler,Drama, Crime, Action,1994,8.7,Frank Darabont,142,https://m.media-amazon.com/images/M/MV5BNDE3ODcxYzMtY2YzZC00NmNlLWJiNDMtZDViZWM2MzIxZDYwXkEyXkFqcGdeQXVyNjAwNDUxODI@._V1_.jpg,Tim Robbins  Morgan Freeman  Bob Gunton  William Sadler Frank Darabont
124,211,Bhola Shankar,Chiranjeevi, Keerthy Suresh, Tamannaah Bhatia, Sushanth,Action, Crime, Drama,2023,8,Meher Ramesh,158,https://static.toiimg.com/photo/102640182.cms?imgsize=79508,Chiranjeevi  Keerthy Suresh  Tamannaah Bhatia  Sushanth Meher Ramesh
125,212,Agent Sai Srinivasa Athreya,Naveen Polishetty, Shruti Sharma, Suhas, Krishneswara Rao,Crime, Comedy, Mystery,2019,7.1,Swaroop RSJ,144,https://m.media-amazon.com/images/M/MV5BMTM2MmJkZmUtZWQ0Yi00YWZjLWIyNTItNDQ2YzAwNmI4YjlmXkEyXkFqcGdeQXVyODMxNjkyNzQ@._V1_.jpg,Naveen Polishetty  Shruti Sharma  Suhas  Krishneswara Rao Swaroop RSJ
126,215,Agents of S.H.I.E.L.D.,unknown,unknown,unknown,unknown,unknown,unknown,unknown,0,0,unknown,unknown,https://m.media-amazon.com/images/M/MV5BMTkwODYyMjgzOV5BMl5BanBnXkFtZTgwODAzMTE5MjE@._V1_.jpg,unknown unknown unknown unknown unknown
127,216,Agent State Farm,Arnold Schwarzenegger, Kevin Miles,unknown,unknown,Action, Thriller,unknown,2024,2,Jim Jenkins,1,https://m.media-amazon.com/images/M/MV5BOGIwYjExOWYtOTY2My00ZmJiLWI5NTktMzlhMGFmYmYzZWY5XkEyXkFqcGdeQXVyMTI3NjAxODc0._V1_.jpg,Arnold Schwarzenegger  Kevin Miles unknown unknown Jim Jenkins
128,217,Female Agents,Sophie Marceau, Julie Depardieu, Marie Gillain, Déborah François,War, History, Drama,2008,6.8,Serge Onteniente,117,https://m.media-amazon.com/images/M/MV5BMTQ1ODg3ODIzN15BMl5BanBnXkFtZTcwNDEwMzc1MQ@@._V1_.jpg,Sophie Marceau  Julie Depardieu  Marie Gillain  Déborah François Serge Onteniente
129,221,Brochevarevaru Ra,Sree Vishnu, Rahul Ramakrishna, Priyadarshi Pullikonda, Satyadev Kancharana,Thriller, Crime,unknown,2019,6.9,Shravan,122,https://m.media-amazon.com/images/M/MV5BYjk4ODJhNzUtMzQ0NS00Zjg5LWJlNWQtMmFjNDhmYzI1ZGJlXkEyXkFqcGdeQXVyMTA4NjE0NjEy._V1_.jpg,Sree Vishnu  Rahul Ramakrishna  Priyadarshi Pullikonda  Satyadev Kancharana Shravan
130,223,Velle,Abhay Deol, Karan Deol, Anya Singh, Vishesh Tiwari,Comedy, Crime,unknown,2021,9,Deven Munjal,125,https://m.media-amazon.com/images/M/MV5BNDJjNjE3NDEtZmM4Yy00ZjkzLTkyMDAtMTZmY2RkMGE2MWIxXkEyXkFqcGdeQXVyODE5NzE3OTE@._V1_.jpg,Abhay Deol  Karan Deol  Anya Singh  Vishesh Tiwari Deven Munjal
131,224,Mental Madhilo,Sree Vishnu, Nivetha Pethuraj, Amrutha Srinivasan, Shivaji Raja,Romance, Comedy, Drama,2017,6.4,Vivek Athreya,132,https://m.media-amazon.com/images/M/MV5BMTc5YWJmYTYtMmE1Mi00NDA3LTlhYWMtMTE3NTRjMjEwMjQ0XkEyXkFqcGdeQXVyMzYxOTQ3MDg@._V1_.jpg,Sree Vishnu  Nivetha Pethuraj  Amrutha Srinivasan  Shivaji Raja Vivek Athreya
132,225,Mental: A History of the Madhouse,Tamsin Greig, Peter Barham, Maggi Chapman,unknown,Documentary, History,unknown,2010,4.5,Chris Boulding,59,https://m.media-amazon.com/images/M/MV5BZGZkM2Q0ZmEtNDcyNS00MGFlLWEwNzYtZjA2M2ViZGUzMjZkXkEyXkFqcGdeQXVyMjI3MDczMjI@._V1_.jpg,Tamsin Greig  Peter Barham  Maggi Chapman unknown Chris Boulding
133,227,Metal Man,Samuel Nathan Hoffmire, Reggie Bannister, Anthony Antonucci, P. David Miller,Action, Sci-Fi, Adventure,2008,2,Ron Karkoska,87,https://m.media-amazon.com/images/M/MV5BMTM1NzQ1MTQxMl5BMl5BanBnXkFtZTcwNjYzMDU2Mw@@._V1_.jpg,Samuel Nathan Hoffmire  Reggie Bannister  Anthony Antonucci  P. David Miller Ron Karkoska
135,230,Ala Vaikunthapurramuloo,Allu Arjun, Pooja Hegde, Murli Sharma, Jayaram,Action, Drama,unknown,2020,6.3,Trivikram Srinivas,165,https://m.media-amazon.com/images/M/MV5BMmRkMGMzYTUtM2E2My00YjZlLWFmZjItMDA5M2EwNjNiZTNjXkEyXkFqcGdeQXVyNDY5MTUyNjU@._V1_.jpg,Allu Arjun  Pooja Hegde  Murli Sharma  Jayaram Trivikram Srinivas
136,231,Shehzada,Kartik Aaryan, Kriti Sanon, Paresh Rawal, Manisha Koirala,Action, Comedy, Drama,2023,1,Rohit Dhawan,90,https://m.media-amazon.com/images/M/MV5BMjQzYjE0NGEtZjBkOS00NjUzLWIwOWQtOWYyYjZjNjI1MzQyXkEyXkFqcGdeQXVyMTA1OTk1MjY3._V1_.jpg,Kartik Aaryan  Kriti Sanon  Paresh Rawal  Manisha Koirala Rohit Dhawan
137,233,Galavant,unknown,unknown,unknown,unknown,unknown,unknown,unknown,0,0,unknown,unknown,https://m.media-amazon.com/images/M/MV5BMjEwNDcyMDk4OF5BMl5BanBnXkFtZTgwNDkyMjM5MzE@._V1_.jpg,unknown unknown unknown unknown unknown
138,235,Sarileru Neekevvaru,Mahesh Babu, Vijayashanti, Rashmika Mandanna, Prakash Raj,Action, Comedy, Drama,2020,5.4,Anil Ravipudi,169,https://m.media-amazon.com/images/M/MV5BODllNjZkODEtMGRkNS00YWQzLTg3MTYtMzg2N2U0ODI0Zjk0XkEyXkFqcGdeQXVyOTk3NTc2MzE@._V1_.jpg,Mahesh Babu  Vijayashanti  Rashmika Mandanna  Prakash Raj Anil Ravipudi
139,236,I am Ichihashi: Journal of a Murderer,Dean Fujioka, Takashi Nishina, Shin'ichi Tsuha, Ryuma Matsuzaka,Drama,unknown,unknown,2013,5.6,Dean Fujioka,83,,Dean Fujioka  Takashi Nishina  Shin'ichi Tsuha  Ryuma Matsuzaka Dean Fujioka
140,238,Total Eclipse,Leonardo DiCaprio, David Thewlis, Romane Bohringer, Dominique Blanc,Drama, Romance, Biography,1995,6.4,Agnieszka Holland,111,https://m.media-amazon.com/images/M/MV5BOTdiMDEyM2ItOWYzYS00OTM1LWFlYWEtZjdhNWNhNzZmNTQyXkEyXkFqcGdeQXVyMTIzMzQ1ODg4._V1_.jpg,Leonardo DiCaprio  David Thewlis  Romane Bohringer  Dominique Blanc Agnieszka Holland
141,239,Pushpa: The Rise - Part 1,Allu Arjun, Jagadeesh Prathap Bandari, Rashmika Mandanna, Sunil Varma,Action, Drama, Thriller,2021,7.267,Sukumar,179,https://m.media-amazon.com/images/M/MV5BMmQ4YmM3NjgtNTExNC00ZTZhLWEwZTctYjdhOWI4ZWFlMDk2XkEyXkFqcGdeQXVyMTI1NDEyNTM5._V1_.jpg,Allu Arjun  Jagadeesh Prathap Bandari  Rashmika Mandanna  Sunil Varma Sukumar
142,240,Pushpa: The Rule - Part 2,Allu Arjun, Fahadh Faasil, Rashmika Mandanna, Sunil Varma,Action, Drama, Crime,0,7,Sukumar,90,https://m.media-amazon.com/images/M/MV5BNGZlNTFlOWMtMzUwNC00ZDdhLTk0MWUtOGZjYzFlOTBmNDdhXkEyXkFqcGdeQXVyMTUyNjIwMDEw._V1_.jpg,Allu Arjun  Fahadh Faasil  Rashmika Mandanna  Sunil Varma Sukumar
143,244,The Family Man,Nicolas Cage, Téa Leoni, Don Cheadle, Saul Rubinek,Comedy, Drama, Romance,2000,6.7,Brett Ratner,125,https://m.media-amazon.com/images/M/MV5BYzYzMTQ4NDYtNWRkZi00NTYxLThlZDItMzI1MmU1MmU5ZWQ3XkEyXkFqcGdeQXVyNDA5Mjg5MjA@._V1_.jpg,Nicolas Cage  Téa Leoni  Don Cheadle  Saul Rubinek Brett Ratner
147,246,A Family Man,Gerard Butler, Gretchen Mol, Maxwell Jenkins, Willem Dafoe,Drama, Action,unknown,2016,6.7,Bosede Williams,108,https://m.media-amazon.com/images/M/MV5BYjdkY2MzMGEtNzI5YS00ZDVkLTliZmMtZGMxZDJiMGU2MjIwXkEyXkFqcGdeQXVyMTExNDQ2MTI@._V1_.jpg,Gerard Butler  Gretchen Mol  Maxwell Jenkins  Willem Dafoe Bosede Williams
148,247,Duckman: Private Dick/Family Man,Jason Alexander, Gregg Berger, Nancy Travis,unknown,Animation, Adventure, Comedy,1994,7.7,unknown,30,https://m.media-amazon.com/images/M/MV5BZjNiMzA0ZDAtZjVkYS00NzMwLTk1ZjItZGI2YTI2NzEyMzdhXkEyXkFqcGdeQXVyNTAyODkwOQ@@._V1_.jpg,Jason Alexander  Gregg Berger  Nancy Travis unknown unknown
149,251,Happy Days,unknown,unknown,unknown,unknown,unknown,unknown,unknown,0,0,unknown,unknown,https://m.media-amazon.com/images/M/MV5BMzEzOGJhZGEtODA0Zi00NTZiLTkwYjgtNmVmZjk4MjBjNjdiXkEyXkFqcGdeQXVyNzY5MTE3OTQ@._V1_.jpg,unknown unknown unknown unknown unknown
153,254,Those Happy Days,Jean-Paul Rouve, Marilou Berry, Omar Sy, Lannick Gautry,Comedy, Family,unknown,2006,7.4,Olivier Nakache,103,,Jean-Paul Rouve  Marilou Berry  Omar Sy  Lannick Gautry Olivier Nakache
154,258,King of Kotha,Dulquer Salmaan, Aishwarya Lekshmi, Shabeer Kallarakkal, Prasanna,Action, Drama, Crime,2023,7,Abhilash Joshiy,176,https://m.media-amazon.com/images/M/MV5BYzI3ZGEzM2EtNmU3ZC00YTE2LTg4ZDctMjcxNjliOTBlYjkyXkEyXkFqcGdeQXVyMjkxNzQ1NDI@._V1_.jpg,Dulquer Salmaan  Aishwarya Lekshmi  Shabeer Kallarakkal  Prasanna Abhilash Joshiy
155,259,Kotha Kothaga,Ajay Aman, Virti Vaghani, Pavan Tej Konidela, Lavanya Reddy,Romance, Family, Drama,2022,0,Hanumaan Vasamsetty,120,https://m.media-amazon.com/images/M/MV5BM2UzNmZjMDQtNmRkZC00YjM1LTkzZjYtMDY3M2ZiOGY0ZmNhXkEyXkFqcGdeQXVyMTQ5MTE1NDg1._V1_.jpg,Ajay Aman  Virti Vaghani  Pavan Tej Konidela  Lavanya Reddy Hanumaan Vasamsetty
156,260,Kotha Bangaru Lokam,Varun Sandesh, Shweta Basu Prasad, Prakash Raj, Jayasudha,Family, Drama, Romance,2008,6.3,Srikanth Addala,157,https://m.media-amazon.com/images/M/MV5BN2FlYmM2ZWItMWZkMS00ODc3LTkyMjctOTVkZWUwMjI1M2E1XkEyXkFqcGdeQXVyNjE2NTgxOTE@._V1_.jpg,Varun Sandesh  Shweta Basu Prasad  Prakash Raj  Jayasudha Srikanth Addala
157,266,Chirutha,Ram Charan, Neha Sharma, Brahmanandam, Prakash Raj,Action, Romance,unknown,2007,3.8,Puri Jagannath,144,https://m.media-amazon.com/images/M/MV5BMTA5YzU5MTYtMzA3Yy00NGVjLTg5ZTctNmM3OWQyMjFkOTc3XkEyXkFqcGdeQXVyMTcyNDY1NDgw._V1_.jpg,Ram Charan  Neha Sharma  Brahmanandam  Prakash Raj Puri Jagannath
159,268,Miruthan,Jayam Ravi, Lakshmi Menon, Anikha Surendran, Kaali Venkat,Action, Romance, Thriller,2016,5.7,Shakti Soundar Rajan,106,https://m.media-amazon.com/images/M/MV5BNjNiMzM1Y2QtZTQxZi00YTI0LWE0Y2EtN2NmYWJmOWUzNjFkXkEyXkFqcGdeQXVyMTYyNjAzOTUx._V1_.jpg,Jayam Ravi  Lakshmi Menon  Anikha Surendran  Kaali Venkat Shakti Soundar Rajan
160,271,Businessman,Mahesh Babu, Kajal Agarwal, Prakash Raj, Ayesha Shiva,Action, Crime,unknown,2012,6.7,Puri Jagannath,133,https://i.indiglamour.com/photogallery/telugu/movies/2012/Jan13/Businessman/normal/Businessman_25515.jpg,Mahesh Babu  Kajal Agarwal  Prakash Raj  Ayesha Shiva Puri Jagannath
161,272,The Businessman,Jeff Knite, Mike Benz, Havoc, T.S.,Thriller,unknown,unknown,2014,7.1,Ivan Baltos,60,https://m.media-amazon.com/images/M/MV5BMTAyNzI4NDc2NzVeQTJeQWpwZ15BbWU4MDUzNDQzMjEx._V1_.jpg,Jeff Knite  Mike Benz  Havoc  T.S. Ivan Baltos
165,276,Seethamma Vakitlo Sirimalle Chettu,Venkatesh, Mahesh Babu, Anjali, Samantha Ruth Prabhu,Family, Drama, Comedy,2013,5.9,Vinod Lingala,159,https://i.pinimg.com/736x/4b/d7/3a/4bd73a020d08c2ede8dc006ce8b230c0.jpg,Venkatesh  Mahesh Babu  Anjali  Samantha Ruth Prabhu Vinod Lingala
166,277,Bharat Ane Nenu,Mahesh Babu, Kiara Advani, Prakash Raj, R. Sarathkumar,Drama, Action, Thriller,2018,6.6,Koratala Siva,173,https://m.media-amazon.com/images/M/MV5BN2U4ODE0YWItZGQ0MC00Y2NiLTkyMzAtYzlmZjk4NWI4MDRiXkEyXkFqcGdeQXVyNTgxODY5ODI@._V1_.jpg,Mahesh Babu  Kiara Advani  Prakash Raj  R. Sarathkumar Koratala Siva
167,280,The Mahabharata,Vittorio Mezzogiorno, Bruce Myers, Miriam Goldschmidt, Robert Langdon Lloyd,Drama, War,unknown,1990,7,Peter Brook,318,,Vittorio Mezzogiorno  Bruce Myers  Miriam Goldschmidt  Robert Langdon Lloyd Peter Brook
168,282,Bro Daddy,Mohanlal, Prithviraj Sukumaran, Kalyani Priyadarshan, Meena,Family, Drama, Comedy,2022,6.583,Prithviraj Sukumaran,159,https://m.media-amazon.com/images/M/MV5BY2Q2YWM3YjgtNzcyNy00MjczLWJiZGUtOWY5MDFhYmRiMDU3XkEyXkFqcGdeQXVyMjkxNzQ1NDI@._V1_.jpg,Mohanlal  Prithviraj Sukumaran  Kalyani Priyadarshan  Meena Prithviraj Sukumaran
169,289,Hridayam,Pranav Mohanlal, Darshana Rajendran, Kalyani Priyadarshan, Aswath Lal,Romance, Drama,unknown,2022,6.8,Vineeth Sreenivasan,172,https://m.media-amazon.com/images/M/MV5BZTgxY2MxZGItY2Q4Ny00NTRlLTg2MWEtYTY3Y2ZiMzAxMGU4XkEyXkFqcGdeQXVyNTA2MzMwMjA@._V1_.jpg,Pranav Mohanlal  Darshana Rajendran  Kalyani Priyadarshan  Aswath Lal Vineeth Sreenivasan
170,291,Hidayah,Ajil Ditto, Givina Lukita, Fanny Ghassani, Alif Joerg,Horror,unknown,unknown,2023,6,Monty Tiwa,92,https://m.media-amazon.com/images/M/MV5BYzFjYTc3MTQtODdmZS00ODdlLWIzMmUtOWM5YTZjOTA4ODZkXkEyXkFqcGdeQXVyNzY4NDQzNTg@._V1_.jpg,Ajil Ditto  Givina Lukita  Fanny Ghassani  Alif Joerg Monty Tiwa
171,296,Friday After Next,Ice Cube, Mike Epps, John Witherspoon, K.D. Aubert,Comedy, Action, Drama,2002,6.3,Marcus Raboy,85,https://m.media-amazon.com/images/M/MV5BYTE2MmFmZTgtY2RhNC00MTE4LWExZjQtMmQ4NDIxNTg1YzI4XkEyXkFqcGdeQXVyMTY5Nzc4MDY@._V1_.jpg,Ice Cube  Mike Epps  John Witherspoon  K.D. Aubert Marcus Raboy
172,297,"Hello, Dolly!",Barbra Streisand, Walter Matthau, Michael Crawford, Marianne McAndrew,Comedy, Romance, Music,1969,6.925,Gene Kelly,149,https://m.media-amazon.com/images/M/MV5BODJmZmFiNzQtMDJiYS00ZTgzLTljZGMtNjEzNzM4NmEyYjNiXkEyXkFqcGdeQXVyNjE5MjUyOTM@._V1_.jpg,Barbra Streisand  Walter Matthau  Michael Crawford  Marianne McAndrew Gene Kelly
173,299,Hello Ladies,unknown,unknown,unknown,unknown,unknown,unknown,unknown,0,0,unknown,unknown,https://m.media-amazon.com/images/M/MV5BNjYxMjI3MzY3NF5BMl5BanBnXkFtZTgwMTgyNzg3MDE@._V1_.jpg,unknown unknown unknown unknown unknown
174,300,Hello Mary Lou: Prom Night II,Michael Ironside, Wendy Lyon, Louis Ferreira, Lisa Schrage,Horror, Thriller,unknown,1987,5.8,Bruce Pittman,97,https://m.media-amazon.com/images/M/MV5BZGFmZjQ0ZTYtNjNkOC00OTAxLTlmMWMtNThmMWRkMTcyODY0XkEyXkFqcGdeQXVyMTQxNzMzNDI@._V1_.jpg,Michael Ironside  Wendy Lyon  Louis Ferreira  Lisa Schrage Bruce Pittman
175,302,"Hello, Goodbye, and Everything in Between",Talia Ryder, Jordan Fisher, Ayo Edebiri, Nico Hiraga,Romance, Drama, Comedy,2022,6.222,Mellanie Siteman,83,https://m.media-amazon.com/images/M/MV5BYjZiNGZlZWQtYjg1Ny00ZjE2LWE5ZjEtYzRjMmQzOWZhMmFmXkEyXkFqcGdeQXVyMTEzMTI1Mjk3._V1_.jpg,Talia Ryder  Jordan Fisher  Ayo Edebiri  Nico Hiraga Mellanie Siteman
176,303,Hello Again,Shelley Long, Judith Ivey, Gabriel Byrne, Corbin Bernsen,Fantasy, Drama, Comedy,1987,5.7,Frank Perry,96,https://m.media-amazon.com/images/M/MV5BNDljODVmZGYtZWZkNS00NmFmLTk1OGMtNGU4YmFjNDYxZDk2XkEyXkFqcGdeQXVyNzc5MjA3OA@@._V1_.jpg,Shelley Long  Judith Ivey  Gabriel Byrne  Corbin Bernsen Frank Perry
177,304,Hello I Must Be Going,Melanie Lynskey, Blythe Danner, John Rubinstein, Sara Chase,Drama, Comedy, Romance,2012,6,Todd Louiso,95,https://m.media-amazon.com/images/M/MV5BZDI0MjQ1M2ItMTRiNS00MTE0LTliMGQtODhmZjMwODNlZTI1XkEyXkFqcGdeQXVyMTY5Nzc4MDY@._V1_.jpg,Melanie Lynskey  Blythe Danner  John Rubinstein  Sara Chase Todd Louiso
178,305,Ye Maaya Chesave,Naga Chaitanya Akkineni, Samantha Ruth Prabhu, Krishnudu, Sapan Saran,Romance, Drama,unknown,2010,6.6,Gautham Vasudev Menon,162,https://m.media-amazon.com/images/M/MV5BMjAxODM3NTQtNTBlNS00ZmEwLTllNDgtZjg3MjlkYWJhMmZjXkEyXkFqcGdeQXVyMTEzNzg0Mjkx._V1_.jpg,Naga Chaitanya Akkineni  Samantha Ruth Prabhu  Krishnudu  Sapan Saran Gautham Vasudev Menon
179,308,Maaya,Nandini Rai, Harshvardhan Rane, Avantika Mishra, Sushma Raj,Thriller,unknown,unknown,2021,6,G. Neelakanta Reddy,47,https://m.media-amazon.com/images/M/MV5BNmQ3YzUwZjYtN2E4Yy00YTZjLTk1ODEtNzUyZWI5MTkxYjY1XkEyXkFqcGdeQXVyNzExNjE3NDg@._V1_.jpg,Nandini Rai  Harshvardhan Rane  Avantika Mishra  Sushma Raj G. Neelakanta Reddy
183,312,Ishq,Aamir Khan, Ajay Devgn, Juhi Chawla, Kajol,Action, Comedy, Drama,1997,6.6,Indra Kumar,161,https://m.media-amazon.com/images/M/MV5BZDg3YWUwYzQtMWU3MS00MDYyLTg3ZGItNTJiMTQ3NDVhNmMzXkEyXkFqcGdeQXVyODE5NzE3OTE@._V1_.jpg,Aamir Khan  Ajay Devgn  Juhi Chawla  Kajol Indra Kumar
192,316,Ishq Express,unknown,unknown,unknown,unknown,unknown,unknown,unknown,0,0,unknown,unknown,https://m.media-amazon.com/images/M/MV5BNzI4NjFkZTgtZTNjYi00OTQ0LWFkZDAtZDljZWU1YTQ3NzA5XkEyXkFqcGdeQXVyNjI1Njg5ODI@._V1_.jpg,unknown unknown unknown unknown unknown
193,317,Ishq Vishk,Shahid Kapoor, Amrita Rao, Shenaz Treasury, Yash Tonk,Drama, Comedy, Romance,2003,5.7,Ken Ghosh,145,https://m.media-amazon.com/images/M/MV5BOTE5ZGE2MDUtMmI2Mi00MTdkLTlmMTktOTQzOTUwYmNiNGY1XkEyXkFqcGdeQXVyODE5NzE3OTE@._V1_.jpg,Shahid Kapoor  Amrita Rao  Shenaz Treasury  Yash Tonk Ken Ghosh
194,318,Kambakkht Ishq,Akshay Kumar, Kareena Kapoor Khan, Sylvester Stallone, Whoopi Goldberg,Comedy, Drama, Romance,2009,3.9,Sabbir Khan,142,https://m.media-amazon.com/images/M/MV5BM2JiODAyOTEtMDI5MC00YTU3LWE5YTQtNmI0YWM1NTY1ODFmXkEyXkFqcGdeQXVyMjMwNDgzNjc@._V1_.jpg,Akshay Kumar  Kareena Kapoor Khan  Sylvester Stallone  Whoopi Goldberg Sabbir Khan
195,323,The Lady from Shanghai,Rita Hayworth, Orson Welles, Everett Sloane, Glenn Anders,Crime, Drama, Mystery,1947,7.4,Orson Welles,87,https://m.media-amazon.com/images/M/MV5BNWZkNTYxZjQtN2IwZi00OGExLTg3ZDEtODNjMDFkN2Y5Y2NkL2ltYWdlL2ltYWdlXkEyXkFqcGdeQXVyNjc1NTYyMjg@._V1_.jpg,Rita Hayworth  Orson Welles  Everett Sloane  Glenn Anders Orson Welles
196,324,Aata,Siddharth, Ileana D'Cruz, Sarath Babu, Brahmanandam,Romance, Comedy, Drama,2007,3.8,V. N. Aditya,138,https://m.media-amazon.com/images/M/MV5BZTA2NGYzYjUtY2RlZC00NWZjLTkzMzAtZjc4YTljODU3MjM3XkEyXkFqcGdeQXVyMjIxNzk0MjE@._V1_.jpg,Siddharth  Ileana D'Cruz  Sarath Babu  Brahmanandam V. N. Aditya
198,325,It’s Time To Go!,Dilip Prabhavalkar, Rohini Hattangadi, Bhagyashree Limaye, Shivraj Waichal,Drama,unknown,unknown,2021,0,Ananth Narayan Mahadevan,90,,Dilip Prabhavalkar  Rohini Hattangadi  Bhagyashree Limaye  Shivraj Waichal Ananth Narayan Mahadevan
199,329,What makes Albert Pinto angry?,Manav Kaul, Nandita Das, Saurabh Shukla, Kishore Kadam,Crime, Drama,unknown,2019,4.5,Soumitra Ranade,94,https://m.media-amazon.com/images/M/MV5BMTEwYzVjMWMtZGM4MC00ZTM4LWFkYjgtMjEzN2FjZmVlM2RhXkEyXkFqcGdeQXVyOTA3NDM0MzY@._V1_.jpg,Manav Kaul  Nandita Das  Saurabh Shukla  Kishore Kadam Soumitra Ranade
200,331,Aata Pita,Bharat Jadhav, Ashwini Apte, Sanjay Narvekar, Satish Phulekar,Comedy, Drama,unknown,2010,6,Uttong Shelar,125,https://m.media-amazon.com/images/M/MV5BMjQ1MDg5MDUyNV5BMl5BanBnXkFtZTcwNzI0NjAyOQ@@._V1_.jpg,Bharat Jadhav  Ashwini Apte  Sanjay Narvekar  Satish Phulekar Uttong Shelar
201,333,Malli Malli Idhi Rani Roju,Sharwanand, Nithya Menen, Pavitra Lokesh, Pavani Gangireddy,Romance, Drama, Comedy,2015,6.8,Kranthi Madhav,139,https://m.media-amazon.com/images/M/MV5BODUwZTA5ZWQtMDJkNC00NzRhLTkxMjEtMGFlNzc5MzU1MzAxXkEyXkFqcGdeQXVyNTUzMTc1NjE@._V1_.jpg,Sharwanand  Nithya Menen  Pavitra Lokesh  Pavani Gangireddy Kranthi Madhav
202,334,Anukokunda Oka Roju,Charmy Kaur, Jagapati Babu, Shashank, Harshavardhan,Thriller, Mystery, Action,2005,5.773,Chandra Sekhar Yeleti,145,https://m.media-amazon.com/images/M/MV5BYTVjMmRjMWItM2I2Ny00Zjc1LWJjODktZjkyMmVhMGMxZDE5XkEyXkFqcGdeQXVyMzc5Nzk1NDY@._V1_.jpg,Charmy Kaur  Jagapati Babu  Shashank  Harshavardhan Chandra Sekhar Yeleti
203,336,Bhale Manchi Roju,Sudheer Babu, Wamiqa Gabbi, Dhanya Balakrishna, Chaitanya Krishna,Comedy, Drama, Crime,2015,8,Sriram Adittya,90,https://m.media-amazon.com/images/M/MV5BZWZkMTRiNDEtMzgzNi00ZjFhLTg1YTgtNjZlNGYwYjRlOTcxXkEyXkFqcGdeQXVyNTE0NDY5Njc@._V1_.jpg,Sudheer Babu  Wamiqa Gabbi  Dhanya Balakrishna  Chaitanya Krishna Sriram Adittya
204,339,Malli Pelli,Naresh, Pavitra Lokesh, Jayasudha, Sarath Babu,Family, Drama, Comedy,2023,8,Lucky Bezawada,131,https://m.media-amazon.com/images/M/MV5BZjk5MTQxYzUtZGY2Yi00OGQzLTg5NWQtNjNhYmI2YjliZjg1XkEyXkFqcGdeQXVyMTUyNjIwMDEw._V1_.jpg,Naresh  Pavitra Lokesh  Jayasudha  Sarath Babu Lucky Bezawada
205,344,Richie Gadi Pelli,S. K. Sathya, Chandana Raj, Naveen Neni, Praneeta Patnaik,Comedy, Drama,unknown,2023,0,K. S. Hemraj,114,https://m.media-amazon.com/images/M/MV5BYmE2MmIwZDEtOTg2Yy00MTQ1LWI4MzUtMzBiYTZlMTc0ZTU4XkEyXkFqcGdeQXVyMTUzNTgzNzM0._V1_.jpg,S. K. Sathya  Chandana Raj  Naveen Neni  Praneeta Patnaik K. S. Hemraj
206,347,Meet the Parents,Ben Stiller, Robert De Niro, Teri Polo, Blythe Danner,Comedy, Romance, Action,2000,6.678,Jay Roach,108,https://m.media-amazon.com/images/M/MV5BMGNlMGZiMmUtZjU0NC00MWU4LWI0YTgtYzdlNGVhZGU4NWZlXkEyXkFqcGdeQXVyNjU0OTQ0OTY@._V1_.jpg,Ben Stiller  Robert De Niro  Teri Polo  Blythe Danner Jay Roach
207,352,Bamma Maata Bangaru Baata,Bhanumathi, Rajendra Prasad, Gautami Tadimalla, Nutan Prasad,Comedy, Drama,unknown,1989,7,Rajashekar,148,https://m.media-amazon.com/images/M/MV5BMDFmZjkyODUtYTdjNC00NDc5LTllMzMtOGRmODU0N2EyMGM3XkEyXkFqcGdeQXVyNTM3MDMyMDQ@._V1_.jpg,Bhanumathi  Rajendra Prasad  Gautami Tadimalla  Nutan Prasad Rajashekar
208,354,Avengers: Endgame,Robert Downey Jr., Chris Evans, Mark Ruffalo, Chris Hemsworth,Adventure, Sci-Fi, Action,2019,8.257,Anthony Russo,181,https://m.media-amazon.com/images/M/MV5BMTc5MDE2ODcwNV5BMl5BanBnXkFtZTgwMzI2NzQ2NzM@._V1_.jpg,Robert Downey Jr.  Chris Evans  Mark Ruffalo  Chris Hemsworth Anthony Russo
209,355,The Avengers,Robert Downey Jr., Chris Evans, Mark Ruffalo, Chris Hemsworth,Sci-Fi, Action, Adventure,2012,7.713,Brian Relyea,143,https://m.media-amazon.com/images/M/MV5BNDYxNjQyMjAtNTdiOS00NGYwLWFmNTAtNThmYjU5ZGI2YTI1XkEyXkFqcGdeQXVyMTMxODk2OTU@._V1_.jpg,Robert Downey Jr.  Chris Evans  Mark Ruffalo  Chris Hemsworth Brian Relyea
211,356,Avengers: Infinity War,Robert Downey Jr., Chris Hemsworth, Mark Ruffalo, Chris Evans,Adventure, Action, Sci-Fi,2018,8.251,Alexander Witt,149,https://m.media-amazon.com/images/M/MV5BMjMxNjY2MDU1OV5BMl5BanBnXkFtZTgwNzY1MTUwNTM@._V1_.jpg,Robert Downey Jr.  Chris Hemsworth  Mark Ruffalo  Chris Evans Alexander Witt
212,357,Avengers: Age of Ultron,Robert Downey Jr., Chris Hemsworth, Mark Ruffalo, Chris Evans,Action, Adventure, Sci-Fi,2015,7.273,Paula Casarin,141,https://m.media-amazon.com/images/M/MV5BMTM4OGJmNWMtOTM4Ni00NTE3LTg3MDItZmQxYjc4N2JhNmUxXkEyXkFqcGdeQXVyNTgzMDMzMTg@._V1_.jpg,Robert Downey Jr.  Chris Hemsworth  Mark Ruffalo  Chris Evans Paula Casarin
215,359,Avengers Assemble,unknown,unknown,unknown,unknown,unknown,unknown,unknown,0,0,unknown,unknown,https://m.media-amazon.com/images/M/MV5BMTY0NTUyMDQwOV5BMl5BanBnXkFtZTgwNjAwMTA0MDE@._V1_.jpg,unknown unknown unknown unknown unknown
216,360,The Batman,Robert Pattinson, Zoë Kravitz, Paul Dano, Jeffrey Wright,Crime, Mystery, Thriller,2022,7.694,Emily Thomas,177,https://m.media-amazon.com/images/M/MV5BM2MyNTAwZGEtNTAxNC00ODVjLTgzZjUtYmU0YjAzNmQyZDEwXkEyXkFqcGdeQXVyNDc2NTg3NzA@._V1_.jpg,Robert Pattinson  Zoë Kravitz  Paul Dano  Jeffrey Wright Emily Thomas
217,361,Batman,Michael Keaton, Jack Nicholson, Kim Basinger, Michael Gough,Fantasy, Action, Crime,1989,7.227,Tim Burton,126,https://m.media-amazon.com/images/M/MV5BZWQ0OTQ3ODctMmE0MS00ODc2LTg0ZTEtZWIwNTUxOGExZTQ4XkEyXkFqcGdeQXVyNzAwMjU2MTY@._V1_.jpg,Michael Keaton  Jack Nicholson  Kim Basinger  Michael Gough Tim Burton
219,362,Batman Begins,Christian Bale, Liam Neeson, Katie Holmes, Michael Caine,Action, Crime, Drama,2005,7.704,Christopher Nolan,140,https://m.media-amazon.com/images/M/MV5BOTY4YjI2N2MtYmFlMC00ZjcyLTg3YjEtMDQyM2ZjYzQ5YWFkXkEyXkFqcGdeQXVyMTQxNzMzNDI@._V1_.jpg,Christian Bale  Liam Neeson  Katie Holmes  Michael Caine Christopher Nolan
222,364,Batman & Robin,George Clooney, Arnold Schwarzenegger, Chris O'Donnell, Uma Thurman,Sci-Fi, Action, Fantasy,1997,4.3,William M. Elvin,125,https://m.media-amazon.com/images/M/MV5BMGQ5YTM1NmMtYmIxYy00N2VmLWJhZTYtN2EwYTY3MWFhOTczXkEyXkFqcGdeQXVyNTA2NTI0MTY@._V1_.jpg,George Clooney  Arnold Schwarzenegger  Chris O'Donnell  Uma Thurman William M. Elvin
223,365,Batman Returns,Michael Keaton, Danny DeVito, Michelle Pfeiffer, Christopher Walken,Action, Fantasy, Superhero,1992,6.921,Tim Burton,126,https://m.media-amazon.com/images/M/MV5BOGZmYzVkMmItM2NiOS00MDI3LWI4ZWQtMTg0YWZkODRkMmViXkEyXkFqcGdeQXVyODY0NzcxNw@@._V1_.jpg,Michael Keaton  Danny DeVito  Michelle Pfeiffer  Christopher Walken Tim Burton
224,366,Batman The Animated Series,Kevin Conroy, Loren Lester, Efrem Zimbalist Jr.,unknown,Animation, Action, Adventure,1992,8.16667,unknown,90,https://m.media-amazon.com/images/M/MV5BZmVkNDc3YjQtZDMzOS00MTNjLTljNzUtZDhjYWQxMmVlNjE5XkEyXkFqcGdeQXVyNTgyNTA4MjM@._V1_.jpg,Kevin Conroy  Loren Lester  Efrem Zimbalist Jr. unknown unknown
225,367,Batman Forever,Val Kilmer, Tommy Lee Jones, Jim Carrey, Nicole Kidman,Action, Crime, Fantasy,1995,5.415,William M. Elvin,121,https://m.media-amazon.com/images/M/MV5BNDdjYmFiYWEtYzBhZS00YTZkLWFlODgtY2I5MDE0NzZmMDljXkEyXkFqcGdeQXVyMTMxODk2OTU@._V1_.jpg,Val Kilmer  Tommy Lee Jones  Jim Carrey  Nicole Kidman William M. Elvin
226,368,Pyaar Ka Punchnama,Kartik Aaryan, Raayo S. Bakhirta, Divyendu Sharma, Nushrratt Bharuccha,Drama, Comedy, Romance,2011,6.822,Luv Ranjan,149,https://m.media-amazon.com/images/M/MV5BNDI4MmJkM2ItYjZjMC00MzYxLWIwZWEtYzE5YWZhYmExM2I5XkEyXkFqcGdeQXVyODE5NzE3OTE@._V1_.jpg,Kartik Aaryan  Raayo S. Bakhirta  Divyendu Sharma  Nushrratt Bharuccha Luv Ranjan
227,374,Thoda Pyaar Thoda Magic,Rani Mukerji, Saif Ali Khan, Ameesha Patel, Rishi Kapoor,Drama, Comedy, Family,2008,5,Kunal Kohli,145,https://m.media-amazon.com/images/M/MV5BZDgzOTgyM2EtY2YwMC00ZjEyLWI1ZjMtZWZhOGM5ZDk5ZDQzXkEyXkFqcGdeQXVyODE5NzE3OTE@._V1_.jpg,Rani Mukerji  Saif Ali Khan  Ameesha Patel  Rishi Kapoor Kunal Kohli
228,375,De De Pyaar De,Ajay Devgn, Tabu, Rakul Preet Singh, Jimmy Shergill,Romance, Comedy, Drama,2019,6,Akiv Ali,135,https://m.media-amazon.com/images/M/MV5BOTRiYzExNWItNDk4ZS00Y2RiLTgwNmUtODI5N2FmOGM5NzM3XkEyXkFqcGdeQXVyODE5NzE3OTE@._V1_.jpg,Ajay Devgn  Tabu  Rakul Preet Singh  Jimmy Shergill Akiv Ali
229,376,Tu Jhoothi Main Makkaar,Ranbir Kapoor, Shraddha Kapoor, Dimple Kapadia, Boney Kapoor,Comedy, Romance,unknown,2023,1,Luv Ranjan,90,https://m.media-amazon.com/images/M/MV5BNmZmYWFiYzAtY2RhMC00MDRiLWI1M2YtNzRkZGNmYTIwZDI4XkEyXkFqcGdeQXVyODE5NzE3OTE@._V1_.jpg,Ranbir Kapoor  Shraddha Kapoor  Dimple Kapadia  Boney Kapoor Luv Ranjan
230,377,Brahmāstra Part One: Shiva,Ranbir Kapoor, Alia Bhatt, Mouni Roy, Amitabh Bachchan,Fantasy, Action, Adventure,2022,6.443,Ayan Mukerji,168,https://m.media-amazon.com/images/M/MV5BMDEyNjA0MWItY2IxMi00YTZjLTkxOGItNWIwOGQ2OTZmNTg2XkEyXkFqcGdeQXVyMTYyNjAzOTUx._V1_FMjpg_UX1000_.jpg,Ranbir Kapoor  Alia Bhatt  Mouni Roy  Amitabh Bachchan Ayan Mukerji
231,381,Animal,Ranbir Kapoor, Rashmika Mandanna, Anil Kapoor, Bobby Deol,Action, Crime, Drama,2023,6.543,Sandeep Reddy Vanga,201,https://m.media-amazon.com/images/M/MV5BNGViM2M4NmUtMmNkNy00MTQ5LTk5MDYtNmNhODAzODkwOTJlXkEyXkFqcGdeQXVyMTY1NDY4NTIw._V1_.jpg,Ranbir Kapoor  Rashmika Mandanna  Anil Kapoor  Bobby Deol Sandeep Reddy Vanga
232,382,Animal Control,Joel McHale, Fiona Gubelmann, Vella Lovell, Grace Palmer,Action, Comedy,unknown,2023,0,unknown,unknown,https://m.media-amazon.com/images/M/MV5BMzRkZmNlNDAtNDgxZS00NWZhLTk1NDUtZTkyYmQ5MjAxNjI2XkEyXkFqcGdeQXVyNzI4MDQ4MDM@._V1_.jpg,Joel McHale  Fiona Gubelmann  Vella Lovell  Grace Palmer unknown
233,383,Animal Kingdom,unknown,unknown,unknown,unknown,unknown,unknown,unknown,0,0,unknown,unknown,https://m.media-amazon.com/images/M/MV5BMmMxMmRiODItYTg5NS00ZWU0LTlhMmYtNDQ1NjFlNGZmYjNiXkEyXkFqcGdeQXVyMTM1MTE1NDMx._V1_.jpg,unknown unknown unknown unknown unknown
235,384,The Animal Kingdom,Romain Duris, Paul Kircher, Adèle Exarchopoulos, Tom Mercier,Sci-Fi, Adventure, Drama,2023,7.078,Mahaut Pellerin,127,https://m.media-amazon.com/images/M/MV5BZjQ4NWE2YTctYTUyZC00MWIyLWFmODAtOTIyZmUwNjAxZDAxXkEyXkFqcGdeQXVyMTkxNjUyNQ@@._V1_.jpg,Romain Duris  Paul Kircher  Adèle Exarchopoulos  Tom Mercier Mahaut Pellerin
236,385,Animal House,John Belushi, Tim Matheson, John Vernon, Verna Bloom,Comedy, Action,unknown,1978,6.996,Clifford C. Coleman,109,"https://m.media-amazon.com/images/I/611TC0MF80L._AC_UF894,1000_QL80_.jpg",John Belushi  Tim Matheson  John Vernon  Verna Bloom Clifford C. Coleman
239,387,The Animal,Rob Schneider, Colleen Haskell, John C. McGinley, Ed Asner,Comedy, Action, Sci-Fi,2001,5.143,Jeff Gourson,84,https://m.media-amazon.com/images/M/MV5BNTFkOGY2ZmItMjllOS00NDgxLTg1OTItMDU5NjhjYTBjMzdkXkEyXkFqcGdeQXVyMTUzMDUzNTI3._V1_.jpg,Rob Schneider  Colleen Haskell  John C. McGinley  Ed Asner Jeff Gourson
240,388,Animal Factory,Willem Dafoe, Edward Furlong, Danny Trejo, Mark Boone Junior,Crime, Drama, Action,2000,6.3,Steve Buscemi,94,https://m.media-amazon.com/images/M/MV5BNzYxYTIyNTMtMWE4NC00ZTc3LTg5NTAtY2U1Yjg0ZGE1ZDFiXkEyXkFqcGdeQXVyNzgzODI1OTE@._V1_.jpg,Willem Dafoe  Edward Furlong  Danny Trejo  Mark Boone Junior Steve Buscemi
241,389,Kabhi Khushi Kabhie Gham,Shah Rukh Khan, Amitabh Bachchan, Hrithik Roshan, Kajol,Comedy, Drama, Action,2001,7.735,Karan Johar,209,https://m.media-amazon.com/images/M/MV5BOTQ5Nzc3NzAtMzZlMS00ZWJjLWIxMGMtNDU4ZTQ1NmNjMjc5XkEyXkFqcGdeQXVyODE5NzE3OTE@._V1_.jpg,Shah Rukh Khan  Amitabh Bachchan  Hrithik Roshan  Kajol Karan Johar
242,390,Kabhi Haan Kabhi Naa,Shah Rukh Khan, Suchitra Krishnamoorthi, Deepak Tijori, Satish Shah,Comedy, Drama, Music,1994,6.8,Vijay Krishna Acharya,158,https://m.media-amazon.com/images/M/MV5BYmFjYTRmMzctNWU5YS00MjY2LTg4Y2EtZDZkMWI0YjIzMjVlXkEyXkFqcGdeQXVyODE5NzE3OTE@._V1_.jpg,Shah Rukh Khan  Suchitra Krishnamoorthi  Deepak Tijori  Satish Shah Vijay Krishna Acharya
243,391,Kabhi Alvida Naa Kehna,Shah Rukh Khan, Rani Mukerji, Preity Zinta, Abhishek Bachchan,Drama, Romance,unknown,2006,6,Tarun Mansukhani,193,https://m.media-amazon.com/images/M/MV5BNjllNTM0ZWQtMDMyOS00Yzc5LWFlNGYtNTA3MzY0ZjY5YWRiXkEyXkFqcGdeQXVyODE5NzE3OTE@._V1_.jpg,Shah Rukh Khan  Rani Mukerji  Preity Zinta  Abhishek Bachchan Tarun Mansukhani
244,392,Kabhi Kabhie,Amitabh Bachchan, Shashi Kapoor, Rishi Kapoor, Rakhee Gulzar,Drama, Romance, Action,1976,6.188,Yash Chopra,177,https://m.media-amazon.com/images/M/MV5BMTkxNzhkNTgtY2E0NS00ZDUzLTliOTMtZDE5MWRhMDkxZTdlXkEyXkFqcGdeQXVyNTkzNDQ4ODc@._V1_.jpg,Amitabh Bachchan  Shashi Kapoor  Rishi Kapoor  Rakhee Gulzar Yash Chopra
245,397,Dhilluku Dhuddu,Santhanam, Anchal Singh, Karunas, Rajendran,Comedy, Horror,unknown,2016,4.8,Zion,133,https://m.media-amazon.com/images/M/MV5BNjViY2NhYjctNTFmMC00ZGQ4LWJjMGYtY2IwODU5MTllYjg2XkEyXkFqcGdeQXVyMTEzNzg0Mjkx._V1_.jpg,Santhanam  Anchal Singh  Karunas  Rajendran Zion
246,401,Kal Ho Naa Ho,Shah Rukh Khan, Preity Zinta, Saif Ali Khan, Jaya Bachchan,Comedy, Drama, Romance,2003,7.461,Arjun Kapoor,187,https://m.media-amazon.com/images/M/MV5BYmVjNDIxODAtNWZiZi00ZDBlLWJmOTUtNDNjMGExNTViMzE1XkEyXkFqcGdeQXVyNTE0MDc0NTM@._V1_.jpg,Shah Rukh Khan  Preity Zinta  Saif Ali Khan  Jaya Bachchan Arjun Kapoor
247,403,Lakshmi,Monali Thakur, Satish Kaushik, Ram Kapoor, Nagesh Kukunoor,Drama,unknown,unknown,2014,6.5,Nagesh Kukunoor,115,https://m.media-amazon.com/images/M/MV5BMWQ0MmQyOTUtOTJiYi00YTkxLWE2MzYtYjM0MjAyODZkNzMxXkEyXkFqcGdeQXVyODE5NzE3OTE@._V1_.jpg,Monali Thakur  Satish Kaushik  Ram Kapoor  Nagesh Kukunoor Nagesh Kukunoor
250,407,Namo Bhoothathma 2,Komal Kumar, Lekha Chandra, Monika, Govinde Gowda,Horror, Comedy,unknown,2023,0,unknown,90,https://m.media-amazon.com/images/M/MV5BM2E2MzgyZDEtMDFiNS00MGY0LWI4NzUtODJmZTQyOWU0NWY3XkEyXkFqcGdeQXVyNjY0OTkzMjk@._V1_FMjpg_UX1000_.jpg,Komal Kumar  Lekha Chandra  Monika  Govinde Gowda unknown
251,411,Spider-Man: Homecoming,Michael Keaton, Tom Holland, Marisa Tomei, Robert Downey Jr.,Action, Adventure, Sci-Fi,2017,7.339,Kerry Lyn McKissick,133,https://m.media-amazon.com/images/M/MV5BODY2MTAzOTQ4M15BMl5BanBnXkFtZTgwNzg5MTE0MjI@._V1_.jpg,Michael Keaton  Tom Holland  Marisa Tomei  Robert Downey Jr. Kerry Lyn McKissick
252,412,Petta,Rajinikanth, Vijay Sethupathi, Nawazuddin Siddiqui, Bobby Simha,Drama, Action,unknown,2019,7.2,Karthik Subbaraj,172,https://m.media-amazon.com/images/M/MV5BNDc4OTA4NjctMWVhZS00OTJmLThlYjgtYTQ0MGFiYWQ5Yjg1XkEyXkFqcGdeQXVyODIwMDI1NjM@._V1_.jpg,Rajinikanth  Vijay Sethupathi  Nawazuddin Siddiqui  Bobby Simha Karthik Subbaraj
253,414,Pudhupettai,Dhanush, Sneha, N. Azhagamperumal, Sonia Agarwal,Action, Drama, Crime,2006,7.7,Selvaraghavan,179,https://i.scdn.co/image/ab67616d0000b2739aaf33eabf53468f161ca1de,Dhanush  Sneha  N. Azhagamperumal  Sonia Agarwal Selvaraghavan
254,416,Agni Pankh,Jimmy Shergill, Sameer Dharmadhikari, Rahul Dev, Shamita Shetty,Action, Drama, Romance,2004,7,Sanjeev Puri,90,https://m.media-amazon.com/images/M/MV5BMjUxZmE5MWUtNzM5Yy00NzZhLWFjYTgtNzFmZGMxZWRkNjU4L2ltYWdlXkEyXkFqcGdeQXVyMTk2NTY2Njc@._V1_.jpg,Jimmy Shergill  Sameer Dharmadhikari  Rahul Dev  Shamita Shetty Sanjeev Puri
255,417,Agni Pareeksha,Amol Palekar, Parikshit Sahni, Rameshwari,unknown,Crime, Drama,unknown,1981,6,unknown,130,https://m.media-amazon.com/images/M/MV5BYzljYjllYzUtMGRkMi00NjUyLWE0ZjItYjkwNDMzODgzMWM2XkEyXkFqcGdeQXVyNTM3MDMyMDQ@._V1_.jpg,Amol Palekar  Parikshit Sahni  Rameshwari unknown unknown
256,419,Agni Sakshi,Nana Patekar, Jackie Shroff, Manisha Koirala, Divya Dutta,Drama, Thriller, Musical,1996,6.75,Partho Ghosh,142,https://m.media-amazon.com/images/M/MV5BNmYxNzBkZjAtZDVlYy00ZjFkLWE0NTktYTc5NWRlNzI4MGRkXkEyXkFqcGdeQXVyODE5NzE3OTE@._V1_.jpg,Nana Patekar  Jackie Shroff  Manisha Koirala  Divya Dutta Partho Ghosh
257,423,Ramaleela,Dileep, Kalabhavan Shajon, Radhika Sarathkumar, Prayaga Martin,Thriller, Drama,unknown,2017,6.5,Arun Gopy,158,https://m.media-amazon.com/images/M/MV5BYzc4MzdhNzgtNjFmZS00MDhjLWEwMWItZTZjNTFkYzU3Y2Q2XkEyXkFqcGdeQXVyMjkxNzQ1NDI@._V1_.jpg,Dileep  Kalabhavan Shajon  Radhika Sarathkumar  Prayaga Martin Arun Gopy
258,429,Jai Lava Kusa,N.T. Rama Rao Jr., Nivetha Thomas, Raashi Khanna, Ronit Roy,Action, Thriller, Drama,2017,6.4,Bobby Kolli,150,https://m.media-amazon.com/images/M/MV5BOTk5NzI0Y2ItNmJiNC00MGVmLTllZTQtMDBjZjNhOGY0NGFiXkEyXkFqcGdeQXVyODM1NTI2NDI@._V1_.jpg,N.T. Rama Rao Jr.  Nivetha Thomas  Raashi Khanna  Ronit Roy Bobby Kolli
259,444,Naa Nuvve,Tamanna Bhatia, Kalyan Ram, Vennela Kishore, Posani Krishna Murali,Romance, Comedy,unknown,2018,8,Jayendra,125,https://m.media-amazon.com/images/M/MV5BYzAzZTI5MjUtZWIzMS00MDM1LWFmYjQtMzdhZGE5MzJmYTc2XkEyXkFqcGdeQXVyNTgxODY5ODI@._V1_.jpg,Tamanna Bhatia  Kalyan Ram  Vennela Kishore  Posani Krishna Murali Jayendra
260,445,Bāhubali: The Beginning,Prabhas, Rana Daggubati, Tamannaah Bhatia, Anushka Shetty,Action, Adventure, Fantasy,2015,7.555,S.S. Rajamouli,159,https://resizing.flixster.com/-XZAfHZM39UwaGJIFWKAE8fS0ak=/v3/t/assets/p11546593_p_v8_af.jpg,Prabhas  Rana Daggubati  Tamannaah Bhatia  Anushka Shetty Ashwin Gangaraju
261,446,Bāhubali 2: The Conclusion,Prabhas, Rana Daggubati, Sathyaraj, Anushka Shetty,Action, Drama, Fantasy,2017,7.2,S.S. Rajamouli,168,https://m.media-amazon.com/images/M/MV5BMjNhM2UxMTEtYTgzNi00YmM0LWI5ZTAtMmZjYjM1NDIwMTgxXkEyXkFqcGdeQXVyODIwMDI1NjM@._V1_.jpg,Prabhas  Rana Daggubati  Sathyaraj  Anushka Shetty Lee Whittaker
262,447,Baahubali: The Lost Legends,Viraj Adhav, Manoj Pandey, Manini Mishra, Manini M. Mishra,Animation, Action, Adventure,2017,7.4,unknown,23,https://m.media-amazon.com/images/M/MV5BYWU3M2U0M2MtZDUwNS00YTk3LTg1NDMtMWIzMzFiOWY4MDI5XkEyXkFqcGdeQXVyMTUyNjc3NDQ4._V1_.jpg,Viraj Adhav  Manoj Pandey  Manini Mishra  Manini M. Mishra unknown
263,448,Sri Bharatha Baahubali,Chikkanna, Achyuth Kumar, Manju Mandavya, Sarah Harish,Comedy, Romance,unknown,2020,0,Manju Mandavya,164,https://m.media-amazon.com/images/M/MV5BNDdhYThmZjYtNDVjYy00Y2YyLWJlMzQtZjIwZDQxYjA2MzJkXkEyXkFqcGdeQXVyNjY0OTkzMjk@._V1_.jpg,Chikkanna  Achyuth Kumar  Manju Mandavya  Sarah Harish Manju Mandavya
264,453,Orey Bujjiga,Raj Tarun, Malavika Nair, Heeba Patel, Posani Krishna Murali,Drama, Romance, Action,2020,6,Vijay Kumar Konda,164,https://m.media-amazon.com/images/M/MV5BMGQzYmI3MjMtZTI1OS00MmJkLWE5NDYtMTQ4ZDFhODA1MGI4XkEyXkFqcGdeQXVyNDc2NzU1MTA@._V1_.jpg,Raj Tarun  Malavika Nair  Heeba Patel  Posani Krishna Murali Vijay Kumar Konda
265,456,The Adventures of Milo and Otis,Dudley Moore, Kyoko Koizumi, Milo, Otis,Adventure, Drama, Family,1986,6.6,Masanori Hata,90,https://m.media-amazon.com/images/M/MV5BZGRjZGEwZTctMmRmYy00YmI1LTgwOGItZmE5ZmNjYmRhOWI4XkEyXkFqcGdeQXVyNjMwMjk0MTQ@._V1_.jpg,Dudley Moore  Kyoko Koizumi  Milo  Otis Masanori Hata
266,457,Mushrooms,Paoli Dam, Tómas Lemarquis, Sudipto Mukherjee, Sumeet Thakur,Drama,unknown,unknown,2013,4.1,Vimukthi Jayasundara,90,https://m.media-amazon.com/images/M/MV5BNWI4NTU5ZWItZWY5Zi00MDc3LWFmY2EtY2U5ZDJhNWNiNTY0XkEyXkFqcGdeQXVyNjA3OTI5MjA@._V1_.jpg,Paoli Dam  Tómas Lemarquis  Sudipto Mukherjee  Sumeet Thakur Vimukthi Jayasundara
267,458,Chatrapathi,Bellamkonda Srinivas, Nushrratt Bharuccha, Sharad Kelkar, Bhagyashree,Action, Drama,unknown,2023,0,V. V. Vinayak,124,https://m.media-amazon.com/images/M/MV5BOTA0YTViMGUtM2E3ZS00ODkwLWEzYTctNWI5OWY0M2RhZDcxXkEyXkFqcGdeQXVyMTA1NTY0NzQ0._V1_.jpg,Bellamkonda Srinivas  Nushrratt Bharuccha  Sharad Kelkar  Bhagyashree V. V. Vinayak
271,461,Student Services,Déborah François, Mathieu Demy, Alain Cauchi, Benjamin Siksou,Drama, Action, Romance,2010,5.126,Emmanuelle Bercot,101,https://m.media-amazon.com/images/M/MV5BZjU5YTg1NTctNjVlMy00ZWQwLTk1ZTEtYjU0YzdlZDU0Mzg0XkEyXkFqcGdeQXVyMTMxODk2OTU@._V1_.jpg,Déborah François  Mathieu Demy  Alain Cauchi  Benjamin Siksou Emmanuelle Bercot
272,462,Student of the Year,Sidharth Malhotra, Alia Bhatt, Varun Dhawan, Rishi Kapoor,Comedy, Drama, Music,2012,5.8,Karan Johar,146,https://m.media-amazon.com/images/M/MV5BZWY2Y2I2YTUtYWE1Yi00OGE5LTgyOTEtNDIyYzUyZjM5Yzk0XkEyXkFqcGdeQXVyODE5NzE3OTE@._V1_.jpg,Sidharth Malhotra  Alia Bhatt  Varun Dhawan  Rishi Kapoor Karan Johar
273,463,Student Bodies,Kristen Riter, Matthew Goldsby, Jerry Belson, Joe Flood,Comedy, Horror, Mystery,1981,5.7,Mickey Rose,86,https://m.media-amazon.com/images/M/MV5BNTRmOWY0NmYtNGIzYi00NzBlLTk0ZmItOGVhNjlmYTQ2OGFmXkEyXkFqcGdeQXVyMTQxNzMzNDI@._V1_.jpg,Kristen Riter  Matthew Goldsby  Jerry Belson  Joe Flood Mickey Rose
274,464,Student of the Year 2,Tiger Shroff, Ananya Pandey, Tara Sutaria, Aditya Seal,Romance, Comedy, Drama,2019,4.2,Punit Malhotra,146,https://m.media-amazon.com/images/M/MV5BNmFiNjRlODUtNjRiZi00ZDQ0LTk3ZDItZDhjNmU5N2RkNGNjXkEyXkFqcGdeQXVyODE5NzE3OTE@._V1_.jpg,Tiger Shroff  Ananya Pandey  Tara Sutaria  Aditya Seal Punit Malhotra
275,465,The Student,Viktoriya Isakova, Petr Skvortsov, Yuliya Aug, Aleksandra Revenko,Drama,unknown,unknown,2016,6.5,Kirill Serebrennikov,118,https://m.media-amazon.com/images/M/MV5BMjI3NTM3NzgyNl5BMl5BanBnXkFtZTgwNzE1OTc1MDI@._V1_.jpg,Viktoriya Isakova  Petr Skvortsov  Yuliya Aug  Aleksandra Revenko Kirill Serebrennikov
277,466,Student Body,Montse Hernandez, Cheyenne Haynes, Anthony Keyvan, Harley Quinn Smith,Horror, Thriller, Action,2022,4.5,Lee Ann Kurr,88,https://m.media-amazon.com/images/M/MV5BMjJmNWYzMWItM2JhMi00YzczLWFkZTItZmVjN2ZhNmZmMDRhXkEyXkFqcGdeQXVyNTA4NDgzMw@@._V1_.jpg,Montse Hernandez  Cheyenne Haynes  Anthony Keyvan  Harley Quinn Smith Lee Ann Kurr
280,468,The Student Nurses,Elaine Giftos, Karen Carlson, Brioni Farrell, Barbara Leigh,Drama,unknown,unknown,1970,5.3,Stephanie Rothman,89,https://m.media-amazon.com/images/M/MV5BMTM5NDA5MzMtYmUzYi00YjhjLThjMTQtMDhhYThmNDEwYzM0XkEyXkFqcGdeQXVyMTU2NTE5NDU@._V1_.jpg,Elaine Giftos  Karen Carlson  Brioni Farrell  Barbara Leigh Stephanie Rothman
281,469,The Big Boss,Bruce Lee, Maria Yi, James Tien Chuen, Marilyn Bautista,Action, Crime, Drama,1971,7.14,Chih Yao-Chang,99,https://m.media-amazon.com/images/M/MV5BZGNjNjBmZjMtMDU1Zi00ODczLTlhZTMtMDk3NjM0MjgxMGFjXkEyXkFqcGdeQXVyNjc5NjEzNA@@._V1_.jpg,Bruce Lee  Maria Yi  James Tien Chuen  Marilyn Bautista Chih Yao-Chang
284,472,Big Time Gambling Boss,Koji Tsuruta, Sumiko Fuji, Hiroko Sakuramachi, Hiroshi Nawa,Drama, Crime, Thriller,1968,6.9,Kōsaku Yamashita,95,https://m.media-amazon.com/images/M/MV5BYjMzZmNjYTctMTk4Zi00OWFjLTg5MjMtNzE5MmM4MGViZmIzXkEyXkFqcGdeQXVyNTc2NDA0NTE@._V1_.jpg,Koji Tsuruta  Sumiko Fuji  Hiroko Sakuramachi  Hiroshi Nawa Kōsaku Yamashita
288,477,Jai Bhim,Suriya, Lijomol Jose, Baby Joshika Maya, K. Manikandan,Crime, Drama, Mystery,2021,7.467,T. J. Gnanavel,164,https://m.media-amazon.com/images/M/MV5BNzFkM2FhMzQtYjUwZi00N2Y3LWFkZWItMmZmMjQxNGQwZmNhXkEyXkFqcGdeQXVyODEyNjEwMDk@._V1_.jpg,Suriya  Lijomol Jose  Baby Joshika Maya  K. Manikandan T. J. Gnanavel
289,478,I Want to Live!,Susan Hayward, Simon Oakland, Virginia Vincent, Theodore Bikel,Crime, Drama, Action,1958,6.915,Robert Wise,120,https://m.media-amazon.com/images/M/MV5BMTY2MzMwNzgzNF5BMl5BanBnXkFtZTcwOTk2MTI0NA@@._V1_.jpg,Susan Hayward  Simon Oakland  Virginia Vincent  Theodore Bikel Robert Wise
290,479,Jailangkung: Sandekala,Syifa Hadju, Dwi Sasono, Titi Kamal, Giulio Parengkuan,Horror,unknown,unknown,2022,7,Kimo Stamboel,92,https://m.media-amazon.com/images/M/MV5BNWUwYzc4YjYtNTQyNi00NDcxLTlhNDAtYWRkODgwYzcyYzYwXkEyXkFqcGdeQXVyMTEzMTI1Mjk3._V1_.jpg,Syifa Hadju  Dwi Sasono  Titi Kamal  Giulio Parengkuan Kimo Stamboel
291,480,The Available Wife,Terayle Hill, Roger Guenveur Smith, Clifton Powell, KJ Smith,Drama, Action,unknown,2020,4,Jamal Hill,100,https://m.media-amazon.com/images/M/MV5BN2MyZGMxOWQtNDc5Ny00NmRkLWFjYzYtZGExNWUzZTQ3MWY1XkEyXkFqcGdeQXVyMTIxOTI1ODQw._V1_.jpg,Terayle Hill  Roger Guenveur Smith  Clifton Powell  KJ Smith Jamal Hill
292,481,Naa Saami Ranga,Nagarjuna Akkineni, Allari Naresh, Raj Tarun, Ashika Ranganath,Action,unknown,unknown,2024,1,Vijay Binni,90,https://m.media-amazon.com/images/M/MV5BZjVjNjJkMWQtZWMxMS00M2VmLWFlMzEtNjgwZjMwMzNkOWVhXkEyXkFqcGdeQXVyMTUzNTgzNzM0._V1_.jpg,Nagarjuna Akkineni  Allari Naresh  Raj Tarun  Ashika Ranganath Vijay Binni
293,485,Gaami,Vishwak Sen, Mohammad Samad, Harika Pedada, Chandini Chowdary,Adventure, Thriller, Sci-Fi,2024,7,Abhilash J.,147,https://m.media-amazon.com/images/M/MV5BMGZkODY0NzEtYTI0MC00OWZkLWFlNjQtZWY1MGNhNDcwZDg3XkEyXkFqcGdeQXVyMTUzNTgzNzM0._V1_.jpg,Vishwak Sen  Mohammad Samad  Harika Pedada  Chandini Chowdary Abhilash J.
294,487,Rangasthalam,Ram Charan, Samantha Akkineni, Aadhi Pinisetty, Jagapati Babu,Action, Drama,unknown,2018,6.6,Sukumar,179,https://m.media-amazon.com/images/M/MV5BMjQ1MjFkN2EtOTU4NS00NDkzLThhNzItODkzYWNjZDMxZjE0XkEyXkFqcGdeQXVyNTgxODY5ODI@._V1_.jpg,Ram Charan  Samantha Akkineni  Aadhi Pinisetty  Jagapati Babu Sukumar
295,489,Beyond the Reef,Dayton Ka'ne, Maren Jensen, Keahi Farden, Kathleen Swan,Romance, Adventure,unknown,1979,5.5,Frank C. Clarke,91,https://m.media-amazon.com/images/M/MV5BY2RhMWE2Y2EtMmI4MC00MzEwLWJhYWEtYjMyMjlmNGQ4OTJhXkEyXkFqcGdeQXVyNzc5MjA3OA@@._V1_.jpg,Dayton Ka'ne  Maren Jensen  Keahi Farden  Kathleen Swan Frank C. Clarke
296,490,Maha Samudram,Siddharth, Sharwanand, Aditi Rao Hydari, Anu Emmanuel,Drama, Action,unknown,2021,6.3,Venkat Nag,152,https://m.media-amazon.com/images/M/MV5BY2Y2Y2ZiMjMtMjZiZS00N2E1LWE4N2ItZDA2NDMyZjlmNDkyXkEyXkFqcGdeQXVyMTEzNzg0Mjkx._V1_.jpg,Siddharth  Sharwanand  Aditi Rao Hydari  Anu Emmanuel Venkat Nag
297,491,Maha,Hansika Motwani, Manasvi Kottachi, Silambarasan, Srikanth,Crime, Mystery, Thriller,2022,1,Mani Maran Seenivasan,109,https://m.media-amazon.com/images/M/MV5BZjMxNjZhNzktNGRhZC00YzNmLWEwZTMtN2NhMWZjZjJkYTVlXkEyXkFqcGdeQXVyMTY0MDk0NjE3._V1_.jpg,Hansika Motwani  Manasvi Kottachi  Silambarasan  Srikanth Mani Maran Seenivasan
298,492,Maharani Kottai,Richard Rishi, Senthil, Ganja Karuppu, Powerstar Srinivasan,Drama,unknown,unknown,2015,0.5,unknown,unknown,https://m.media-amazon.com/images/S/pv-target-images/d91e46e98792e5a40ff8be7d7ba67720a44e9ddbbc904967d73fab6a2a3659c2.jpg,Richard Rishi  Senthil  Ganja Karuppu  Powerstar Srinivasan unknown
299,493,The Lord of the Rings: The Return of the King,Elijah Wood, Sean Astin, Viggo Mortensen, Ian McKellen,Adventure, Fantasy, Action,2003,8.477,Peter Jackson,201,https://m.media-amazon.com/images/M/MV5BNzA5ZDNlZWMtM2NhNS00NDJjLTk4NDItYTRmY2EwMWZlMTY3XkEyXkFqcGdeQXVyNzkwMjQ5NzM@._V1_.jpg,Elijah Wood  Sean Astin  Viggo Mortensen  Ian McKellen Peter Jackson
300,495,Dunki,Shah Rukh Khan, Taapsee Pannu, Vikram Kochhar, Anil Grover,Comedy, Drama, Action,2023,6.292,Rajkumar Hirani,159,https://m.media-amazon.com/images/M/MV5BMzQ0NDRhNmItYzllYS00NDdlLTk0YTctZDQ5YmFkYjdkNDcyXkEyXkFqcGdeQXVyNTYwMzA0MTM@._V1_.jpg,Shah Rukh Khan  Taapsee Pannu  Vikram Kochhar  Anil Grover Rajkumar Hirani
301,496,Dunkirk,Fionn Whitehead, Tom Hardy, Mark Rylance, Kenneth Branagh,War, Action, Drama,2017,7.455,Steve Gehrke,107,https://m.media-amazon.com/images/M/MV5BN2YyZjQ0NTEtNzU5MS00NGZkLTg0MTEtYzJmMWY3MWRhZjM2XkEyXkFqcGdeQXVyMDA4NzMyOA@@._V1_.jpg,Fionn Whitehead  Tom Hardy  Mark Rylance  Kenneth Branagh Steve Gehrke
307,502,Too Hot to Handle,unknown,unknown,unknown,unknown,unknown,unknown,unknown,0,0,unknown,unknown,https://m.media-amazon.com/images/M/MV5BYzNkMmY0MWQtMzY1Mi00MTFlLWIxMTgtNGI5NTA3OGY0ZTc3XkEyXkFqcGdeQXVyMzQ2MDI5NjU@._V1_.jpg,unknown unknown unknown unknown unknown
315,510,"Lust, Caution",Tony Leung Chiu-Wai, Tang Wei, Joan Chen, Leehom Wang,Action, Drama, Romance,2007,7.1,Ang Lee,156,https://m.media-amazon.com/images/M/MV5BMTg2MGJjYmQtY2RjNy00NjczLWJlNDYtOWIzOGE2NGRjN2RhXkEyXkFqcGdeQXVyNjc3MjQzNTI@._V1_.jpg,Tony Leung Chiu-Wai  Tang Wei  Joan Chen  Leehom Wang Ang Lee
316,511,All Things Fair,Johan Widerberg, Marika Lagercrantz, Tomas von Brömssen, Karin Huldt,Drama, Romance, War,1995,6.533,Bo Widerberg,125,https://m.media-amazon.com/images/M/MV5BNDY0ZDRmYTItYjZiYi00MTAyLTkxNWMtZTQxMWIyNzcyMzk2XkEyXkFqcGdeQXVyMTMwOTMzNzU@._V1_.jpg,Johan Widerberg  Marika Lagercrantz  Tomas von Brömssen  Karin Huldt Bo Widerberg
317,512,Teen Lust,Cary Elwes, Emmanuelle Vaugier, Kristin Bauer, Jon Cor,Comedy, Horror, Action,2014,4.8,Blaine Thurier,80,https://m.media-amazon.com/images/M/MV5BYTUyZTFiYmQtZDhhZC00YjhkLWJjNTktNjFlMjBkNTgwNjE3XkEyXkFqcGdeQXVyNDgyODgxNjE@._V1_.jpg,Cary Elwes  Emmanuelle Vaugier  Kristin Bauer  Jon Cor Blaine Thurier
318,513,Lust for a Vampire,Ralph Bates, Barbara Jefford, Suzanna Leigh, Michael Johnson,Horror,unknown,unknown,1971,6.6,Jimmy Sangster,91,https://m.media-amazon.com/images/M/MV5BZmIyY2VjYTItZDZlOS00MGZhLWE1Y2QtMjE2OTZkZDI3M2UzXkEyXkFqcGdeQXVyMTAxMDQ0ODk@._V1_.jpg,Ralph Bates  Barbara Jefford  Suzanna Leigh  Michael Johnson Jimmy Sangster
319,515,Lust for Life,Kirk Douglas, Anthony Quinn, James Donald, Pamela Brown,Drama, Action, Biography,1956,7.2,Vincente Minnelli,122,https://m.media-amazon.com/images/M/MV5BMjQ1ODAxYTAtOTc5YS00MTYzLWExMmItMGU0NWM4MjE0NDBjXkEyXkFqcGdeQXVyMTU3NDU4MDg2._V1_.jpg,Kirk Douglas  Anthony Quinn  James Donald  Pamela Brown Vincente Minnelli
320,516,Lust Stories,Radhika Apte, Akash Thosar, Randeep Jha, Bhumi Pednekar,Drama, Romance,unknown,2018,6.2,Dibakar Banerjee,120,https://m.media-amazon.com/images/M/MV5BMTgwNTQ4NDAyN15BMl5BanBnXkFtZTgwNjMwMzQ3NTM@._V1_.jpg,Radhika Apte  Akash Thosar  Randeep Jha  Bhumi Pednekar Dibakar Banerjee
321,517,Lust Stories 2,Neena Gupta, Mrunal Thakur, Tamannaah Bhatia, Kajol,Drama, Romance, Action,2023,5.544,R. Balki,132,https://m.media-amazon.com/images/M/MV5BMzhmOGQxMjQtYmFkOC00MTc0LTk2N2UtMTc4NzVlNzcyNWNlXkEyXkFqcGdeQXVyMTU2MTIyODU2._V1_.jpg,Neena Gupta  Mrunal Thakur  Tamannaah Bhatia  Kajol R. Balki
322,523,Kisah Tanah Jawa: Pocong Gundul,Deva Mahenra, Della Dartyan, Iwa K, Muhammad Abe Baasyin,Horror,unknown,unknown,2023,1,Awi Suryadi,90,https://m.media-amazon.com/images/M/MV5BM2E5MDc5NjgtMGEzNi00MzBlLThkMjQtMzQwZTVlNDNjY2ZlXkEyXkFqcGdeQXVyNzEzNjU1NDg@._V1_.jpg,Deva Mahenra  Della Dartyan  Iwa K  Muhammad Abe Baasyin Awi Suryadi
323,526,Rahenge Sadaa Gardish Mein Taare,Rajesh Khera, Sonali Kulkarni, Arif Zakaria,unknown,Drama,unknown,unknown,2017,5,Saif Hyder Hasan,70,https://m.media-amazon.com/images/M/MV5BZjMwYTRmMWEtMDcxNi00YmMwLTk0MTQtZDUwNmU4YTI3YmRkXkEyXkFqcGdeQXVyNjM2MTI2MzA@._V1_.jpg,Rajesh Khera  Sonali Kulkarni  Arif Zakaria unknown Saif Hyder Hasan
324,527,Stranger Things - Season 1,Millie Bobby Brown, Finn Wolfhard, Noah Schnapp, Caleb McLaughlin,Horror, Sci-Fi,unknown,2016,7.7,Matt Duffer,90,https://m.media-amazon.com/images/I/71M7PiUlN9L.jpg,Millie Bobby Brown  Finn Wolfhard  Noah Schnapp  Caleb McLaughlin Matt Duffer
325,528,The Stranger,unknown,unknown,unknown,unknown,unknown,unknown,unknown,0,0,unknown,unknown,https://m.media-amazon.com/images/M/MV5BNWNlYzA2OWUtMWE1Mi00ZjMyLWExY2ItZDVlZmQ0YTMyZmEyXkEyXkFqcGdeQXVyMjYwNDA2MDE@._V1_.jpg,unknown unknown unknown unknown unknown
327,529,Stranger in the Woods,Holly Kenney, Brendin Brown, Teddy Spencer, Paris Nicole,Horror, Thriller,unknown,2024,5.2,Adam Newacheck,82,https://m.media-amazon.com/images/M/MV5BOWIyNzBiNzYtZDBlNS00NjEyLTk0YTItMzkyNzJmMjJiM2UzXkEyXkFqcGdeQXVyNzc0MTgzMzU@._V1_.jpg,Holly Kenney  Brendin Brown  Teddy Spencer  Paris Nicole Adam Newacheck
330,532,Pirates of the Caribbean: On Stranger Tides,Johnny Depp, Penélope Cruz, Geoffrey Rush, Ian McShane,Adventure, Action, Fantasy,2011,6.5,Peter Kohn,137,https://m.media-amazon.com/images/M/MV5BMjE5MjkwODI3Nl5BMl5BanBnXkFtZTcwNjcwMDk4NA@@._V1_.jpg,Johnny Depp  Penélope Cruz  Geoffrey Rush  Ian McShane Peter Kohn
331,533,Stranger Than Fiction,Will Ferrell, Maggie Gyllenhaal, Dustin Hoffman, Emma Thompson,Comedy, Drama, Fantasy,2006,7.27,James Giovannetti Jr.,113,https://m.media-amazon.com/images/M/MV5BMmE2ZjYwNGYtYWMyMS00M2I0LWI4NDEtMzc1MTllMjk0ZmFmXkEyXkFqcGdeQXVyNTIzOTk5ODM@._V1_.jpg,Will Ferrell  Maggie Gyllenhaal  Dustin Hoffman  Emma Thompson James Giovannetti Jr.
332,534,Stranger by the Lake,Pierre Deladonchamps, Christophe Paou, Patrick d'Assumçao, Jérôme Chappatte,Drama, Thriller, Romance,2013,6.3,Alain Guiraudie,97,https://m.media-amazon.com/images/M/MV5BMjE5MjcxODYxMl5BMl5BanBnXkFtZTgwNzA2NjYwMTE@._V1_.jpg,Pierre Deladonchamps  Christophe Paou  Patrick d'Assumçao  Jérôme Chappatte Alain Guiraudie
333,535,Virus,Jamie Lee Curtis, William Baldwin, Donald Sutherland, Joanna Pacula,Horror, Action, Sci-Fi,1999,5.4,John Bruno,99,https://m.media-amazon.com/images/M/MV5BNGRiMmNmZGMtOGMwZi00MjMwLTkzZTQtNDViODE2ZmFiZWUzXkEyXkFqcGdeQXVyNjExODE1MDc@._V1_.jpg,Jamie Lee Curtis  William Baldwin  Donald Sutherland  Joanna Pacula John Bruno
335,536,Night of the Zombies,Margit Evelyn Newton, Franco Garofalo, Selan Karay, José Gras,Horror, Sci-Fi, Thriller,1980,5.3,Claudio Fragasso,99,https://m.media-amazon.com/images/M/MV5BZGFkYTU3ZWQtOTE3Mi00OWE5LThiNzItZWRkYmVkZTlhY2Q1XkEyXkFqcGdeQXVyMTQ2MjQyNDc@._V1_.jpg,Margit Evelyn Newton  Franco Garofalo  Selan Karay  José Gras Claudio Fragasso
336,537,Virupaksha,Sai Dharam Tej, Samyuktha, Brahmaji, Rajiv Kanakala,Mystery, Thriller, Horror,2023,7.357,Karthik Varma Dandu,146,https://m.media-amazon.com/images/M/MV5BN2RjOTQ2M2UtMjA0NC00MjNhLTgwZjUtOWJmOWY0OTM1ZGUzXkEyXkFqcGdeQXVyMTA3MDk2NDg2._V1_.jpg,Sai Dharam Tej  Samyuktha  Brahmaji  Rajiv Kanakala Karthik Varma Dandu
339,539,Virus:32,Daniel Hendler, Paula Silva, Franco Rilla, Sofía González,Horror, Action,unknown,2022,6.8,Santiago Turell,90,https://m.media-amazon.com/images/M/MV5BMzE1NTIyODM5N15BMl5BanBnXkFtZTgwOTExMzc2MjE@._V1_.jpg,Daniel Hendler  Paula Silva  Franco Rilla  Sofía González Santiago Turell
340,540,Virunga,André Bauma, Emmanuel de Merode, Mélanie Gouby, Rodrigue Mugaruka Katembo,Documentary, War,unknown,2014,8,Orlando von Einsiedel,90,https://m.media-amazon.com/images/M/MV5BMjI0NzE5Mzc5OF5BMl5BanBnXkFtZTgwODk3Njg0MzE@._V1_.jpg,André Bauma  Emmanuel de Merode  Mélanie Gouby  Rodrigue Mugaruka Katembo Orlando von Einsiedel
341,544,Kanam,Sharwanand, Ritu Varma, Amala Akkineni, Nassar,Drama, Fantasy, Sci-Fi,2022,1,Shree Karthick,90,https://static.toiimg.com/photo/63938712.cms?imgsize=126340,Sharwanand  Ritu Varma  Amala Akkineni  Nassar Shree Karthick
342,546,Oka!,Will Yun Lee, Haviland Morris, Peter Riegert, Kris Marshall,Drama,unknown,unknown,2011,4.3,Lavinia Currier,105,https://m.media-amazon.com/images/M/MV5BMTU5NjAyNDA4MV5BMl5BanBnXkFtZTcwNTE3ODI4Ng@@._V1_.jpg,Will Yun Lee  Haviland Morris  Peter Riegert  Kris Marshall Lavinia Currier
343,547,Sex Education,Cesar Rose, Sonny Davon, Anibal Garces, Dimitri Vega,Comedy, Drama,unknown,2019,10,unknown,45,https://m.media-amazon.com/images/M/MV5BNjJkYTI1MjAtNTcxZC00YmU5LWExMDAtZTg3YzRhMDNmYmEwXkEyXkFqcGdeQXVyMTEyMjM2NDc2._V1_.jpg,Cesar Rose  Sonny Davon  Anibal Garces  Dimitri Vega unknown
344,548,Sex/Life,Sarah Shahi, Mike Vogel, Adam Demos,unknown,Comedy, Drama, Romance,2021,6,unknown,unknown,https://m.media-amazon.com/images/M/MV5BY2NlYjZiYjItNTljNy00MzU2LWJkYmMtMjNkMWVjYmYwMzExXkEyXkFqcGdeQXVyMTEyMjM2NDc2._V1_.jpg,Sarah Shahi  Mike Vogel  Adam Demos unknown unknown
345,549,Sex and the City,unknown,unknown,unknown,unknown,unknown,unknown,unknown,0,0,unknown,unknown,https://m.media-amazon.com/images/M/MV5BNGEyNDRjM2QtY2VlYy00OWRhLWI4N2UtZTM4NDc0MGM0YzBkXkEyXkFqcGdeQXVyNjk1Njg5NTA@._V1_.jpg,unknown unknown unknown unknown unknown
346,550,How to Have Sex,Mia McKenna-Bruce, Lara Peake, Enva Lewis, Samuel Bottomley,Drama, Action,unknown,2023,6.429,Molly Manning Walker,91,https://m.media-amazon.com/images/M/MV5BNWZiYzM1MGMtMTVhZi00ZmJjLWJjOTMtMDZmNjVkNTNhYzE0XkEyXkFqcGdeQXVyNzg5OTk2OA@@._V1_.jpg,Mia McKenna-Bruce  Lara Peake  Enva Lewis  Samuel Bottomley Molly Manning Walker
347,551,Sex Tape,Cameron Diaz, Jason Segel, Rob Corddry, Ellie Kemper,Comedy, Action, Romance,2014,5.408,Jake Kasdan,94,https://m.media-amazon.com/images/M/MV5BNDYzMzg5OTA0Ml5BMl5BanBnXkFtZTgwNjQzNzExMjE@._V1_.jpg,Cameron Diaz  Jason Segel  Rob Corddry  Ellie Kemper Jake Kasdan
348,552,The Sex Lives of College Girls,unknown,unknown,unknown,unknown,unknown,unknown,unknown,0,0,unknown,unknown,https://m.media-amazon.com/images/M/MV5BMGViNmZmYzItOTUzMS00NTBiLWJkNmEtYWU2Mzg1OTBkMGY5XkEyXkFqcGdeQXVyMTUzMTg2ODkz._V1_.jpg,unknown unknown unknown unknown unknown
349,553,Sex Drive,Josh Zuckerman, Amanda Crew, Clark Duke, James Marsden,Comedy, Adventure, Romance,2008,6.356,Sean Anders,109,https://m.media-amazon.com/images/M/MV5BMjE0MTcyMzg5M15BMl5BanBnXkFtZTcwMDUyOTA4MQ@@._V1_.jpg,Josh Zuckerman  Amanda Crew  Clark Duke  James Marsden Sean Anders
350,554,Game of Thrones,Emilia Clarke, Peter Dinklage, Kit Harington,unknown,Action, Adventure, Drama,2011,8.2,unknown,90,https://m.media-amazon.com/images/M/MV5BN2IzYzBiOTQtNGZmMi00NDI5LTgxMzMtN2EzZjA1NjhlOGMxXkEyXkFqcGdeQXVyNjAwNDUxODI@._V1_.jpg,Emilia Clarke  Peter Dinklage  Kit Harington unknown unknown
354,557,Game of Thrones: The Last Watch,Kit Harington, Emilia Clarke, Nikolaj Coster-Waldau, Gwendoline Christie,Documentary, TV Movie,unknown,2019,7.1,Jeanie Finlay,115,https://m.media-amazon.com/images/M/MV5BZDdlMzQzNDQtNTAxMS00NTMyLTgxYTAtYzQ0OGI1YzZhY2Y3XkEyXkFqcGdeQXVyMTkxNjUyNQ@@._V1_.jpg,Kit Harington  Emilia Clarke  Nikolaj Coster-Waldau  Gwendoline Christie Jeanie Finlay
355,558,House of the Dragon,unknown,unknown,unknown,unknown,unknown,unknown,unknown,0,0,unknown,unknown,https://m.media-amazon.com/images/M/MV5BMjk2NjgzMTEtYWViZS00NTMyLWFjMzctODczYmQzNzk2NjIwXkEyXkFqcGdeQXVyMTEyMjM2NDc2._V1_.jpg,unknown unknown unknown unknown unknown
356,559,Game of Thrones - Conquest & Rebellion: An Animated History of the Seven Kingdoms,Nikolaj Coster-Waldau, Aidan Gillen, Sophie Turner, Conleth Hill,Animation, Fantasy, War,2017,8.1,unknown,45,https://m.media-amazon.com/images/M/MV5BMGYzNDJiOTgtN2Y1OC00NmM2LTk3MTMtZmFhNmJlMzQzNGNhXkEyXkFqcGdeQXVyNDgyODgxNjE@._V1_FMjpg_UX1000_.jpg,Nikolaj Coster-Waldau  Aidan Gillen  Sophie Turner  Conleth Hill unknown
357,560,El Camino: A Breaking Bad Movie,Aaron Paul, Jesse Plemons, Charles Baker, Matt Jones,Crime, Drama, Thriller,2019,6.955,Melissa Bosco,123,https://m.media-amazon.com/images/M/MV5BNjk4MzVlM2UtZGM0ZC00M2M1LThkMWEtZjUyN2U2ZTc0NmM5XkEyXkFqcGdeQXVyOTAzMTc2MjA@._V1_.jpg,Aaron Paul  Jesse Plemons  Charles Baker  Matt Jones Melissa Bosco
358,564,The Bad News Bears in Breaking Training,William Devane, Clifton James, Jackie Earle Haley, Jimmy Baio,Comedy, Family, Action,1977,6,Michael Pressman,100,https://m.media-amazon.com/images/M/MV5BNjI0ZTRmNTEtYjVhMC00MTM0LWFjNDQtYjBhNTNlNWRlMDgxXkEyXkFqcGdeQXVyMTQxNzMzNDI@._V1_.jpg,William Devane  Clifton James  Jackie Earle Haley  Jimmy Baio Michael Pressman
359,567,Dark Waters,Mark Ruffalo, Anne Hathaway, Tim Robbins, Bill Pullman,Drama, Thriller, Action,2019,7.521,Todd Haynes,127,https://m.media-amazon.com/images/M/MV5BODQ0M2Y5M2QtZGIwMC00MzJjLThlMzYtNmE3ZTMzZTYzOGEwXkEyXkFqcGdeQXVyMTkxNjUyNQ@@._V1_.jpg,Mark Ruffalo  Anne Hathaway  Tim Robbins  Bill Pullman Todd Haynes
360,568,Godfather of Harlem,unknown,unknown,unknown,unknown,unknown,unknown,unknown,0,0,unknown,unknown,https://m.media-amazon.com/images/M/MV5BNDExMTNkZDUtMzU5NC00ZWUwLTlkOTUtNzU0ZmYxMzk5YjEwXkEyXkFqcGdeQXVyMDA4NzMyOA@@._V1_.jpg,unknown unknown unknown unknown unknown
361,569,The Godfather,Marlon Brando, Al Pacino, James Caan, Robert Duvall,Drama, Crime, Action,1972,8.695,Francis Ford Coppola,175,https://m.media-amazon.com/images/M/MV5BM2MyNjYxNmUtYTAwNi00MTYxLWJmNWYtYzZlODY3ZTk3OTFlXkEyXkFqcGdeQXVyNzkwMjQ5NzM@._V1_.jpg,Marlon Brando  Al Pacino  James Caan  Robert Duvall Francis Ford Coppola
362,570,The Godfather Part II,Al Pacino, Robert Duvall, Diane Keaton, Robert De Niro,Drama, Crime, Action,1974,8.587,Francis Ford Coppola,202,https://m.media-amazon.com/images/M/MV5BMWMwMGQzZTItY2JlNC00OWZiLWIyMDctNDk2ZDQ2YjRjMWQ0XkEyXkFqcGdeQXVyNzkwMjQ5NzM@._V1_.jpg,Al Pacino  Robert Duvall  Diane Keaton  Robert De Niro Francis Ford Coppola
363,571,The Godfather Part III,Al Pacino, Diane Keaton, Talia Shire, Andy García,Crime, Drama, Thriller,1990,7.427,K.C. Hodenfield,162,https://m.media-amazon.com/images/M/MV5BNWFlYWY2YjYtNjdhNi00MzVlLTg2MTMtMWExNzg4NmM5NmEzXkEyXkFqcGdeQXVyMDk5Mzc5MQ@@._V1_.jpg,Al Pacino  Diane Keaton  Talia Shire  Andy García K.C. Hodenfield
364,572,GodFather,Chiranjeevi, Biju Menon, Nayanthara, Salman Khan,Action, Drama,unknown,2022,1,Mohan Raja,90,https://m.media-amazon.com/images/M/MV5BNjQwMmYzY2QtZTJmNC00N2RhLTlhYjYtYWM0MTBlY2YxNmFlXkEyXkFqcGdeQXVyMTA3MDk2NDg2._V1_.jpg,Chiranjeevi  Biju Menon  Nayanthara  Salman Khan Mohan Raja
365,575,Tokyo Godfathers,Aya Okamoto, Yoshiaki Umegaki, Tohru Emori, Satomi Korogi,Animation, Drama, Comedy,2003,7.905,Shougo Furuya,93,https://m.media-amazon.com/images/M/MV5BMTkyNmU2ZjUtNzIwMy00MWRlLWE4ZWQtYzJhYjU0MmUxZjhiXkEyXkFqcGdeQXVyNDgyODgxNjE@._V1_.jpg,Aya Okamoto  Yoshiaki Umegaki  Tohru Emori  Satomi Korogi Shougo Furuya
366,576,Miss. Shetty Mr. Polishetty,Anushka Shetty, Naveen Polishetty, Murli Sharma, Tulasi,Comedy, Drama, Romance,2023,6.4,Venu Palli,147,https://m.media-amazon.com/images/M/MV5BNWE5NGZkOWYtODlkZS00Mzk5LWIzZjgtMjk4NzAxNzFmODA3XkEyXkFqcGdeQXVyMTQ3Mzk2MDg4._V1_.jpg,Anushka Shetty  Naveen Polishetty  Murli Sharma  Tulasi Venu Palli
367,583,Major Crimes,unknown,unknown,unknown,unknown,unknown,unknown,unknown,0,0,unknown,unknown,https://m.media-amazon.com/images/M/MV5BMTExMzA0NTQwMzheQTJeQWpwZ15BbWU3MDMzNzY2MTg@._V1_.jpg,unknown unknown unknown unknown unknown
368,584,Major League,Tom Berenger, Charlie Sheen, Corbin Bernsen, Margaret Whitton,Comedy, Action, Sport,1989,6.894,Jerry Grandey,107,https://m.media-amazon.com/images/M/MV5BNzM5MWViNTMtMDQ5Ni00M2M0LTg1OTktY2I3YTJkODVkNTBkXkEyXkFqcGdeQXVyNTI4MjkwNjA@._V1_.jpg,Tom Berenger  Charlie Sheen  Corbin Bernsen  Margaret Whitton Jerry Grandey
369,585,Major Payne,Damon Wayans, Karyn Parsons, William Hickey, Michael Ironside,Adventure, Comedy, Family,1995,6.368,Nick Castle,95,https://m.media-amazon.com/images/M/MV5BYWRmNmZmZDYtZTA5NS00MTMwLWI1YTgtOWJkM2IzMmM5YmEwXkEyXkFqcGdeQXVyMTMxMTY0OTQ@._V1_.jpg,Damon Wayans  Karyn Parsons  William Hickey  Michael Ironside Nick Castle
370,586,Major Dad,unknown,unknown,unknown,unknown,unknown,unknown,unknown,0,0,unknown,unknown,https://m.media-amazon.com/images/M/MV5BY2JjNjhmN2YtYTkwYy00NTM3LTljZTYtZmNjMDk5ZGVlZTFhXkEyXkFqcGdeQXVyMTA0MzI0NzA3._V1_.jpg,unknown unknown unknown unknown unknown
371,587,Major,Adivi Sesh, Sobhita Dhulipala, Saiee Manjrekar, Prakash Raj,Action, History, Drama,2022,1,Sashi Kiran Tikka,150,https://m.media-amazon.com/images/M/MV5BZjk4YTZjNWQtZWY3OC00NDkzLTlkY2UtZjk0NDkyZWFkMmVkXkEyXkFqcGdeQXVyODE5NzE3OTE@._V1_.jpg,Adivi Sesh  Sobhita Dhulipala  Saiee Manjrekar  Prakash Raj Sashi Kiran Tikka
372,588,Major Dundee,Charlton Heston, Richard Harris, Jim Hutton, James Coburn,Western, Action, Adventure,1965,6.622,Cliff Lyons,125,https://m.media-amazon.com/images/M/MV5BZWM5MmNiZDYtZmVhNy00NjQzLTlmNTYtODMxMDZiZjkwMTg3XkEyXkFqcGdeQXVyNjc1NTYyMjg@._V1_.jpg,Charlton Heston  Richard Harris  Jim Hutton  James Coburn Cliff Lyons
373,589,Major League II,Charlie Sheen, Tom Berenger, Corbin Bernsen, Dennis Haysbert,Comedy, Sport,unknown,1994,5.5,David S. Ward,105,https://m.media-amazon.com/images/M/MV5BZWZjMWZiOTItYWVjOS00YzdiLWI1ODktZGZjOTllMmE4Y2FjL2ltYWdlXkEyXkFqcGdeQXVyMTQxNzMzNDI@._V1_.jpg,Charlie Sheen  Tom Berenger  Corbin Bernsen  Dennis Haysbert David S. Ward
374,590,Shyam Singha Roy,Nani, Sai Pallavi, Krithi Shetty, Madonna Sebastian,Drama, Romance, Horror,2021,7.3,Rahul Sankrityan,157,https://m.media-amazon.com/images/M/MV5BZTY2NDdlMzctODM0OS00MzQ0LWIxNTctNmE3NjU0YzBmYmEwXkEyXkFqcGdeQXVyMTA5MjQ4MDg4._V1_.jpg,Nani  Sai Pallavi  Krithi Shetty  Madonna Sebastian Rahul Sankrityan
375,591,Jab We Met,Shahid Kapoor, Kareena Kapoor Khan, Tarun Arora, Dara Singh,Drama, Comedy, Romance,2007,7.4,Imtiaz Ali,138,https://m.media-amazon.com/images/M/MV5BYmIzYmY4MGItM2I4YS00OWZhLWFmMzQtYzI2MWY1MmM3NGU1XkEyXkFqcGdeQXVyNjQ2MjQ5NzM@._V1_.jpg,Shahid Kapoor  Kareena Kapoor Khan  Tarun Arora  Dara Singh Imtiaz Ali
376,597,Brooklyn Nine-Nine,unknown,unknown,unknown,unknown,unknown,unknown,unknown,0,0,unknown,unknown,https://m.media-amazon.com/images/M/MV5BNzVkYWY4NzYtMWFlZi00YzkwLThhZDItZjcxYTU4ZTMzMDZmXkEyXkFqcGdeQXVyODUxOTU0OTg@._V1_.jpg,unknown unknown unknown unknown unknown
377,598,PK,Aamir Khan, Anushka Sharma, Sushant Singh Rajput, Saurabh Shukla,Comedy, Drama, Adventure,2014,7.706,Junaid Khan,153,https://m.media-amazon.com/images/M/MV5BMTg5NzIzMzEyOF5BMl5BanBnXkFtZTgwMjgzMTg0MzE@._V1_.jpg,Aamir Khan  Anushka Sharma  Sushant Singh Rajput  Saurabh Shukla Junaid Khan
379,599,P.K. and the Kid,Molly Ringwald, Paul Le Mat, Alex Rocco, Charles Hallahan,Drama,unknown,unknown,1987,5,Lou Lombardo,89,https://m.media-amazon.com/images/M/MV5BZTZlZDVhYTYtNzMxNi00NmVkLWExMGMtM2ZkODEwMzdhMTVmXkEyXkFqcGdeQXVyMzU0NzkwMDg@._V1_.jpg,Molly Ringwald  Paul Le Mat  Alex Rocco  Charles Hallahan Lou Lombardo
380,602,Love Today,Pradeep Ranganathan, Ivana, Akshaya Udhayakumar, Raveena Ravi,Comedy, Romance, Drama,2022,7.152,Pradeep Ranganathan,154,https://m.media-amazon.com/images/M/MV5BOTg5NWMzZmYtZGRkOC00YmNhLTk4NDQtYzYyMjdjYWVmYjAwXkEyXkFqcGdeQXVyMTUwMDg3OTQy._V1_.jpg,Pradeep Ranganathan  Ivana  Akshaya Udhayakumar  Raveena Ravi Pradeep Ranganathan
388,609,Krishna,Suniel Shetty, Karisma Kapoor, Shakti Kapoor, Tinnu Anand,Action, Drama, Romance,1996,3,Deepak S. Shivdasani,156,https://m.media-amazon.com/images/M/MV5BODU1NTM1NTI2MV5BMl5BanBnXkFtZTgwMzY4NzYxNTE@._V1_.jpg,Suniel Shetty  Karisma Kapoor  Shakti Kapoor  Tinnu Anand Deepak S. Shivdasani
389,611,Krishna Cottage,Sohail Khan, Isha Koppikar, Rati Agnihotri, Hiten Tejwani,Thriller, Horror, Mystery,2004,5.8,Santram Varma,124,https://m.media-amazon.com/images/M/MV5BYzZiYjkzODAtNmE0OS00ZTNkLWI0NjYtMTgzYzcxZWRmNWIxXkEyXkFqcGdeQXVyNDUzOTQ5MjY@._V1_.jpg,Sohail Khan  Isha Koppikar  Rati Agnihotri  Hiten Tejwani Santram Varma
390,612,Krishna and His Leela,Sidhu Jonnalagadda, Shraddha Srinath, Seerat Kapoor, Shalini Vadnikatti,Comedy, Romance,unknown,2020,4.9,Ravikanth Perepu,125,https://m.media-amazon.com/images/M/MV5BNjkxYTA2NmQtMmZlMi00NjgwLThmNTEtM2VkOGZhNzE5YjZhXkEyXkFqcGdeQXVyMjUxMTY3ODM@._V1_.jpg,Sidhu Jonnalagadda  Shraddha Srinath  Seerat Kapoor  Shalini Vadnikatti Ravikanth Perepu
391,613,Chhota Bheem: The Rise of Kirmada,unknown,unknown,unknown,unknown,Animation,unknown,unknown,2012,8,Rajiv Chilaka,68,https://m.media-amazon.com/images/I/61IUxlzZ39L.jpg,unknown unknown unknown unknown Rajiv Chilaka
392,617,"Hare Krishna! The Mantra, the Movement and the Swami Who Started It All",Mahatma Gandhi, George Harrison, Woody Allen, Boy George,Documentary, Action,unknown,2017,8.8,John Griesser,90,https://m.media-amazon.com/images/M/MV5BZmZmZjUwYjUtYWY5My00MjAyLWI4MDAtZDdlZDQ4ZTllYzQ0XkEyXkFqcGdeQXVyNTkwMjA4MzA@._V1_FMjpg_UX1000_.jpg,Mahatma Gandhi  George Harrison  Woody Allen  Boy George John Griesser
393,618,Dear Zindagi,Alia Bhatt, Shah Rukh Khan, Ali Zafar, Kunal Kapoor,Drama, Romance, Action,2016,7.072,Rukhshida David,151,https://m.media-amazon.com/images/M/MV5BZWQzYWI3ZGMtYzgyYy00OWZkLWEwODYtNGNiMTZhODBkNzUyL2ltYWdlL2ltYWdlXkEyXkFqcGdeQXVyNjY1MTg4Mzc@._V1_.jpg,Alia Bhatt  Shah Rukh Khan  Ali Zafar  Kunal Kapoor Rukhshida David
394,619,Zindagi Zindabaad,Ninja, Mandy Takhar, Sukhdeep Sukh, Sardar Sohi,Action, Drama, History,2023,0,Nasir Zaman,90,https://m.media-amazon.com/images/M/MV5BMDAzZDBmMjQtMDQ0Mi00OWYyLTkzZGMtZmMxYTdiMjJkZmMxXkEyXkFqcGdeQXVyMjY1NDU4NjU@._V1_.jpg,Ninja  Mandy Takhar  Sukhdeep Sukh  Sardar Sohi Nasir Zaman
395,620,Zindagi Kitni Haseen Hay,Feroze Khan, Sajal Ali, Nabeel Zuberi, Nayyar Ejaz,Romance, Drama, Adventure,2016,7.7,Anjum Shahzad,150,https://m.media-amazon.com/images/M/MV5BNjY3MmJjNTgtYzA4ZC00NTBjLTg1NDUtODE5M2QxNjc2ODFmXkEyXkFqcGdeQXVyNjIwOTEzOTc@._V1_.jpg,Feroze Khan  Sajal Ali  Nabeel Zuberi  Nayyar Ejaz Anjum Shahzad
396,622,Zindagi inShort,Aisha Ahmed, Deepak Dobriyal, Divya Dutta, Neena Gupta,Comedy, Drama,unknown,2020,5,Vijayeta Kumar,113,https://m.media-amazon.com/images/M/MV5BNGFkYTNlNTgtZDdhZC00MzRhLTk3MjgtY2ZhNjk5N2UzY2NhXkEyXkFqcGdeQXVyMTExODg2NzQ1._V1_.jpg,Aisha Ahmed  Deepak Dobriyal  Divya Dutta  Neena Gupta Vijayeta Kumar
397,623,Circus of Life,Arif Hassan, Samiya Mumtaz, Eman Suleman, Ali Kureshi,Drama, Thriller, Family,2020,9.3,Sarmad Sultan Khoosat,138,https://m.media-amazon.com/images/M/MV5BNDkyZTQyMTAtYTBkNS00MDcxLTkxNDgtZTE4NDczMDNmMjBkXkEyXkFqcGdeQXVyODg1MTc3MTM@._V1_.jpg,Arif Hassan  Samiya Mumtaz  Eman Suleman  Ali Kureshi Sarmad Sultan Khoosat